[INFO] [launch]: All log files can be found below /home/ahmed/.ros/log/2026-05-04-00-17-52-814017-ahmed-desktop-122020
[INFO] [launch]: Default logging verbosity is set to INFO
[INFO] [ydlidar_ros2_driver_node-1]: process started with pid [122069]
[INFO] [static_transform_publisher-2]: process started with pid [122070]
[ydlidar_ros2_driver_node-1] [0m[INFO] [1777850274.245152451] [ydlidar_ros2_driver_node]: [YDLIDAR INFO] Current ROS Driver Version: 1.0.1
[ydlidar_ros2_driver_node-1] [0m
[ydlidar_ros2_driver_node-1] [2026-05-04 00:17:54][info] SDK initializing
[ydlidar_ros2_driver_node-1] [2026-05-04 00:17:54][info] SDK has been initialized
[ydlidar_ros2_driver_node-1] [2026-05-04 00:17:54][info] SDK Version: 1.2.19
[ydlidar_ros2_driver_node-1] [2026-05-04 00:17:54][info] Connect elapsed time 2 ms
[ydlidar_ros2_driver_node-1] [2026-05-04 00:17:54][info] Lidar successfully connected [/dev/ttyUSB0:128000]
[ydlidar_ros2_driver_node-1] [2026-05-04 00:17:54][info] Lidar running correctly! The health status good
[ydlidar_ros2_driver_node-1] [0;31m[2026-05-04 00:17:54][error] Fail to get baseplate device information!
[ydlidar_ros2_driver_node-1] [0m[2026-05-04 00:17:54][info] Check status, Elapsed time 0 ms
[ydlidar_ros2_driver_node-1] [2026-05-04 00:17:54][info] Lidar init success, Elapsed time [2]ms
[static_transform_publisher-2] [WARN] [1777850274.253989150] []: Old-style arguments are deprecated; see --help for new-style arguments
[static_transform_publisher-2] [INFO] [1777850274.454397047] [static_tf_pub_laser]: Spinning until stopped - publishing transform
[static_transform_publisher-2] translation: ('0.027500', '0.000000', '0.160000')
[static_transform_publisher-2] rotation: ('1.000000', '0.000000', '0.000000', '0.000000')
[static_transform_publisher-2] from 'base_link' to 'laser_frame'
[ydlidar_ros2_driver_node-1] [2026-05-04 00:17:54][info] [YDLIDAR] Create thread 0x86337040
[ydlidar_ros2_driver_node-1] [0;31m[2026-05-04 00:17:54][error] Check Sum 0x435A != 0x1232
[ydlidar_ros2_driver_node-1] [0m[0;31m[2026-05-04 00:17:55][error] Check Sum 0x5128 != 0x32D8
[ydlidar_ros2_driver_node-1] [0m[0;31m[2026-05-04 00:17:55][error] Check Sum 0x258E != 0x3962
[ydlidar_ros2_driver_node-1] [0m[0;31m[2026-05-04 00:17:55][error] Check Sum 0x0FFA != 0x1B8E
[ydlidar_ros2_driver_node-1] [0m[0;31m[2026-05-04 00:17:55][error] Check Sum 0x5BCC != 0x5EC0
[ydlidar_ros2_driver_node-1] [0m[0;31m[2026-05-04 00:17:55][error] Check Sum 0x24A6 != 0x2872
[ydlidar_ros2_driver_node-1] [0m[0;31m[2026-05-04 00:17:55][error] Check Sum 0x28E6 != 0x1CFA
[ydlidar_ros2_driver_node-1] [0m[2026-05-04 00:17:55][info] Successed to start scan mode, Elapsed time 1063 ms
[ydlidar_ros2_driver_node-1] [0;31m[2026-05-04 00:17:55][error] Check Sum 0xA6CF != 0x3FE6
[ydlidar_ros2_driver_node-1] [0m[0;31m[2026-05-04 00:17:55][error] Check Sum 0x4DAE != 0x4216
[ydlidar_ros2_driver_node-1] [0m[0;31m[2026-05-04 00:17:55][error] Check Sum 0x36AE != 0x16E2
[ydlidar_ros2_driver_node-1] [0m[0;31m[2026-05-04 00:17:55][error] Check Sum 0x3668 != 0x2B38
[ydlidar_ros2_driver_node-1] [0m[2026-05-04 00:17:55][info] Module device info
[ydlidar_ros2_driver_node-1] Firmware version: 3.1
[ydlidar_ros2_driver_node-1] Hardware version: 3
[ydlidar_ros2_driver_node-1] Model: unkown(YD-0)
[ydlidar_ros2_driver_node-1] Serial: 2020040100527488
[ydlidar_ros2_driver_node-1] [0;31m[2026-05-04 00:17:55][error] Check Sum 0x6D8E != 0x6CFA
[ydlidar_ros2_driver_node-1] [0m[0;31m[2026-05-04 00:17:55][error] Check Sum 0x23EC != 0x613D
[ydlidar_ros2_driver_node-1] [0m[0;31m[2026-05-04 00:17:55][error] Check Sum 0x6FFE != 0x69E2
[ydlidar_ros2_driver_node-1] [0m[0;31m[2026-05-04 00:17:55][error] Check Sum 0x685C != 0x43D0
[ydlidar_ros2_driver_node-1] [0m[0;31m[2026-05-04 00:17:56][error] Check Sum 0x6F5C != 0x09F0
[ydlidar_ros2_driver_node-1] [0m[0;31m[2026-05-04 00:17:56][error] Check Sum 0x3E36 != 0x42F2
[ydlidar_ros2_driver_node-1] [0m[0;31m[2026-05-04 00:17:56][error] Check Sum 0x8CE6 != 0x9326
[ydlidar_ros2_driver_node-1] [0m[0;31m[2026-05-04 00:17:56][error] Check Sum 0x5A2A != 0x5EAE
[ydlidar_ros2_driver_node-1] [0m[0;31m[2026-05-04 00:17:56][error] Check Sum 0x59C8 != 0x23E4
[ydlidar_ros2_driver_node-1] [0m[0;31m[2026-05-04 00:17:57][error] Check Sum 0x552E != 0x282E
[ydlidar_ros2_driver_node-1] [0m[0;31m[2026-05-04 00:17:57][error] Check Sum 0x2EDC != 0x0C40
[ydlidar_ros2_driver_node-1] [0m[0;31m[2026-05-04 00:17:57][error] Check Sum 0x3E8C != 0x4DF8
[ydlidar_ros2_driver_node-1] [0m[0;31m[2026-05-04 00:17:57][error] Check Sum 0x3310 != 0x2551
[ydlidar_ros2_driver_node-1] [0m[0;31m[2026-05-04 00:17:57][error] Check Sum 0x4089 != 0x064C
[ydlidar_ros2_driver_node-1] [0m[0;31m[2026-05-04 00:17:58][error] Check Sum 0x796D != 0x6280
[ydlidar_ros2_driver_node-1] [0m[0;31m[2026-05-04 00:17:58][error] Check Sum 0x6EF0 != 0x1438
[ydlidar_ros2_driver_node-1] [0m[2026-05-04 00:17:58][info] Successed to check the lidar, Elapsed time 3577 ms
[ydlidar_ros2_driver_node-1] [2026-05-04 00:17:58][info] Now lidar is scanning...
[ydlidar_ros2_driver_node-1] [0;31m[2026-05-04 00:17:58][error] Check Sum 0x373E != 0x64C2
[ydlidar_ros2_driver_node-1] [0m[0;31m[2026-05-04 00:17:59][error] Check Sum 0x3880 != 0x590C
[ydlidar_ros2_driver_node-1] [0m[0;31m[2026-05-04 00:17:59][error] Check Sum 0x0DA6 != 0x3A26
[ydlidar_ros2_driver_node-1] [0m[0;31m[2026-05-04 00:17:59][error] Check Sum 0x4FD0 != 0x7DDC
[ydlidar_ros2_driver_node-1] [0m[0;31m[2026-05-04 00:17:59][error] Check Sum 0x71FA != 0x26B6
[ydlidar_ros2_driver_node-1] [0m[0;31m[2026-05-04 00:17:59][error] Check Sum 0x69F6 != 0x55A2
[ydlidar_ros2_driver_node-1] [0m[0;31m[2026-05-04 00:17:59][error] Check Sum 0x346C != 0x3438
[ydlidar_ros2_driver_node-1] [0m[0;33m[2026-05-04 00:17:59][warn] [YDLIDAR]: Real point count 867 > fixed point count 720
[ydlidar_ros2_driver_node-1] [0m[0;31m[2026-05-04 00:17:59][error] Check Sum 0x28C2 != 0x5F96
[ydlidar_ros2_driver_node-1] [0m[0;31m[2026-05-04 00:17:59][error] Check Sum 0x2D80 != 0x0260
[ydlidar_ros2_driver_node-1] [0m[0;31m[2026-05-04 00:17:59][error] Check Sum 0x1BAC != 0x1A14
[ydlidar_ros2_driver_node-1] [0m[0;31m[2026-05-04 00:17:59][error] Check Sum 0x34A8 != 0x1E65
[ydlidar_ros2_driver_node-1] [0m[0;31m[2026-05-04 00:17:59][error] Check Sum 0x9D88 != 0x6888
[ydlidar_ros2_driver_node-1] [0m[0;33m[2026-05-04 00:18:00][warn] [YDLIDAR]: Real point count 1052 > fixed point count 720
[ydlidar_ros2_driver_node-1] [0m[0;31m[2026-05-04 00:18:00][error] Check Sum 0x0DB2 != 0x071A
[ydlidar_ros2_driver_node-1] [0m[0;31m[2026-05-04 00:18:00][error] Check Sum 0x6ADC != 0x48F8
[ydlidar_ros2_driver_node-1] [0m[0;31m[2026-05-04 00:18:00][error] Check Sum 0x56AA != 0x4B4A
[ydlidar_ros2_driver_node-1] [0m[0;31m[2026-05-04 00:18:00][error] Check Sum 0x4904 != 0x27D4
[ydlidar_ros2_driver_node-1] [0m[0;31m[2026-05-04 00:18:00][error] Check Sum 0x5094 != 0x38C0
[ydlidar_ros2_driver_node-1] [0m[0;31m[2026-05-04 00:18:00][error] Check Sum 0x5A0A != 0x38AE
[ydlidar_ros2_driver_node-1] [0m[0;31m[2026-05-04 00:18:00][error] Check Sum 0x03C8 != 0x0170
[ydlidar_ros2_driver_node-1] [0m[0;31m[2026-05-04 00:18:00][error] Check Sum 0x624A != 0x4106
[ydlidar_ros2_driver_node-1] [0m[0;31m[2026-05-04 00:18:00][error] Check Sum 0xB079 != 0x58D6
[ydlidar_ros2_driver_node-1] [0m[0;31m[2026-05-04 00:18:00][error] Check Sum 0xFC02 != 0xABC6
[ydlidar_ros2_driver_node-1] [0m[0;33m[2026-05-04 00:18:00][warn] [YDLIDAR]: Real point count 1293 > fixed point count 720
[ydlidar_ros2_driver_node-1] [0m[0;31m[2026-05-04 00:18:00][error] Check Sum 0x79F4 != 0x755C
[ydlidar_ros2_driver_node-1] [0m[0;31m[2026-05-04 00:18:00][error] Check Sum 0x5AAE != 0x687E
[ydlidar_ros2_driver_node-1] [0m[0;31m[2026-05-04 00:18:00][error] Check Sum 0x4ACF != 0x538A
[ydlidar_ros2_driver_node-1] [0m[0;31m[2026-05-04 00:18:00][error] Check Sum 0x328C != 0x2128
[ydlidar_ros2_driver_node-1] [0m[0;31m[2026-05-04 00:18:01][error] Check Sum 0x3048 != 0x2148
[ydlidar_ros2_driver_node-1] [0m[0;31m[2026-05-04 00:18:01][error] Check Sum 0x32E0 != 0x3441
[ydlidar_ros2_driver_node-1] [0m[0;31m[2026-05-04 00:18:01][error] Check Sum 0x4050 != 0x60F0
[ydlidar_ros2_driver_node-1] [0m[0;31m[2026-05-04 00:18:01][error] Check Sum 0x17B8 != 0x4E20
[ydlidar_ros2_driver_node-1] [0m[0;31m[2026-05-04 00:18:01][error] Check Sum 0x5CD2 != 0x49BF
[ydlidar_ros2_driver_node-1] [0m[0;31m[2026-05-04 00:18:01][error] Check Sum 0xC9D6 != 0xD272
[ydlidar_ros2_driver_node-1] [0m[0;31m[2026-05-04 00:18:01][error] Check Sum 0x46A8 != 0x0D58
[ydlidar_ros2_driver_node-1] [0m[0;31m[2026-05-04 00:18:01][error] Check Sum 0x6C32 != 0x182A
[ydlidar_ros2_driver_node-1] [0m[0;31m[2026-05-04 00:18:01][error] Check Sum 0x4160 != 0x75D8
[ydlidar_ros2_driver_node-1] [0m[0;31m[2026-05-04 00:18:01][error] Check Sum 0x11B6 != 0x25EA
[ydlidar_ros2_driver_node-1] [0m[0;31m[2026-05-04 00:18:01][error] Check Sum 0x6EF6 != 0x6E86
[ydlidar_ros2_driver_node-1] [0m[0;31m[2026-05-04 00:18:02][error] Check Sum 0x0D1C != 0x66F4
[ydlidar_ros2_driver_node-1] [0m[0;31m[2026-05-04 00:18:02][error] Check Sum 0x5E74 != 0x5C5C
[ydlidar_ros2_driver_node-1] [0m[0;31m[2026-05-04 00:18:02][error] Check Sum 0x4EBA != 0x7EB2
[ydlidar_ros2_driver_node-1] [0m[0;31m[2026-05-04 00:18:02][error] Check Sum 0x3FB2 != 0x5EE0
[ydlidar_ros2_driver_node-1] [0m[0;33m[2026-05-04 00:18:02][warn] [YDLIDAR]: Real point count 893 > fixed point count 720
[ydlidar_ros2_driver_node-1] [0m[0;31m[2026-05-04 00:18:02][error] Check Sum 0x8E46 != 0xE6EA
[ydlidar_ros2_driver_node-1] [0m[0;31m[2026-05-04 00:18:02][error] Check Sum 0x67EA != 0x7A56
[ydlidar_ros2_driver_node-1] [0m[0;31m[2026-05-04 00:18:02][error] Check Sum 0x6A90 != 0x11D8
[ydlidar_ros2_driver_node-1] [0m[0;31m[2026-05-04 00:18:02][error] Check Sum 0x4DBE != 0x11EE
[ydlidar_ros2_driver_node-1] [0m[0;31m[2026-05-04 00:18:02][error] Check Sum 0xC1FA != 0x8C8B
[ydlidar_ros2_driver_node-1] [0m[0;31m[2026-05-04 00:18:02][error] Check Sum 0xBC33 != 0x067D
[ydlidar_ros2_driver_node-1] [0m[0;31m[2026-05-04 00:18:03][error] Check Sum 0x6112 != 0x7C2A
[ydlidar_ros2_driver_node-1] [0m[0;31m[2026-05-04 00:18:03][error] Check Sum 0x5F7A != 0x3AA6
[ydlidar_ros2_driver_node-1] [0m[0;31m[2026-05-04 00:18:03][error] Check Sum 0x2FCE != 0x7E1E
[ydlidar_ros2_driver_node-1] [0m[0;31m[2026-05-04 00:18:03][error] Check Sum 0x8D56 != 0xA2AA
[ydlidar_ros2_driver_node-1] [0m[0;31m[2026-05-04 00:18:03][error] Check Sum 0x71AE != 0x53C2
[ydlidar_ros2_driver_node-1] [0m[0;31m[2026-05-04 00:18:03][error] Check Sum 0x3574 != 0x32BC
[ydlidar_ros2_driver_node-1] [0m[0;33m[2026-05-04 00:18:03][warn] [YDLIDAR]: Real point count 1187 > fixed point count 720
[ydlidar_ros2_driver_node-1] [0m[0;31m[2026-05-04 00:18:03][error] Check Sum 0x5ABE != 0x5436
[ydlidar_ros2_driver_node-1] [0m[0;31m[2026-05-04 00:18:03][error] Check Sum 0x7D66 != 0x4FAE
[ydlidar_ros2_driver_node-1] [0m[0;31m[2026-05-04 00:18:03][error] Check Sum 0xD82B != 0x6662
[ydlidar_ros2_driver_node-1] [0m[0;31m[2026-05-04 00:18:03][error] Check Sum 0x2164 != 0x3655
[ydlidar_ros2_driver_node-1] [0m[0;31m[2026-05-04 00:18:03][error] Check Sum 0x0868 != 0x6BE0
[ydlidar_ros2_driver_node-1] [0m[0;31m[2026-05-04 00:18:04][error] Check Sum 0x5C2C != 0x6014
[ydlidar_ros2_driver_node-1] [0m[0;31m[2026-05-04 00:18:04][error] Check Sum 0xD51E != 0xEB66
[ydlidar_ros2_driver_node-1] [0m[0;31m[2026-05-04 00:18:04][error] Check Sum 0x492C != 0x2190
[ydlidar_ros2_driver_node-1] [0m[0;31m[2026-05-04 00:18:04][error] Check Sum 0x8CBA != 0x86DF
[ydlidar_ros2_driver_node-1] [0m[0;31m[2026-05-04 00:18:04][error] Check Sum 0x4C30 != 0x2208
[ydlidar_ros2_driver_node-1] [0m[0;31m[2026-05-04 00:18:04][error] Check Sum 0x3EF4 != 0x614C
[ydlidar_ros2_driver_node-1] [0m[0;31m[2026-05-04 00:18:04][error] Check Sum 0x6EF2 != 0x4EFE
[ydlidar_ros2_driver_node-1] [0m[0;31m[2026-05-04 00:18:04][error] Check Sum 0x6CF4 != 0x3438
[ydlidar_ros2_driver_node-1] [0m[0;31m[2026-05-04 00:18:04][error] Check Sum 0x3F8E != 0x445E
[ydlidar_ros2_driver_node-1] [0m[0;31m[2026-05-04 00:18:04][error] Check Sum 0x2F12 != 0x68FE
[ydlidar_ros2_driver_node-1] [0m[0;31m[2026-05-04 00:18:05][error] Check Sum 0x4F74 != 0x54E8
[ydlidar_ros2_driver_node-1] [0m[0;31m[2026-05-04 00:18:05][error] Check Sum 0x5428 != 0x2248
[ydlidar_ros2_driver_node-1] [0m[0;31m[2026-05-04 00:18:05][error] Check Sum 0xDE7F != 0x600E
[ydlidar_ros2_driver_node-1] [0m[0;31m[2026-05-04 00:18:05][error] Check Sum 0x6EFE != 0x1D1A
[ydlidar_ros2_driver_node-1] [0m[0;31m[2026-05-04 00:18:05][error] Check Sum 0x5AFE != 0x7E16
[ydlidar_ros2_driver_node-1] [0m[0;31m[2026-05-04 00:18:05][error] Check Sum 0x2A5F != 0x39AE
[ydlidar_ros2_driver_node-1] [0m[0;31m[2026-05-04 00:18:05][error] Check Sum 0xC240 != 0x85AC
[ydlidar_ros2_driver_node-1] [0m[0;31m[2026-05-04 00:18:05][error] Check Sum 0x5AC6 != 0x5272
[ydlidar_ros2_driver_node-1] [0m[0;31m[2026-05-04 00:18:05][error] Check Sum 0x31A0 != 0x5B1C
[ydlidar_ros2_driver_node-1] [0m[0;31m[2026-05-04 00:18:05][error] Check Sum 0x4DFB != 0x5E32
[ydlidar_ros2_driver_node-1] [0m[0;31m[2026-05-04 00:18:05][error] Check Sum 0x8EAA != 0x8B9B
[ydlidar_ros2_driver_node-1] [0m[0;31m[2026-05-04 00:18:05][error] Check Sum 0x6B9D != 0x37F0
[ydlidar_ros2_driver_node-1] [0m[0;31m[2026-05-04 00:18:05][error] Check Sum 0x50CF != 0x1FD2
[ydlidar_ros2_driver_node-1] [0m[0;31m[2026-05-04 00:18:05][error] Check Sum 0x0CD8 != 0x3E64
[ydlidar_ros2_driver_node-1] [0m[0;31m[2026-05-04 00:18:06][error] Check Sum 0x67BE != 0x534A
[ydlidar_ros2_driver_node-1] [0m[0;31m[2026-05-04 00:18:06][error] Check Sum 0x1736 != 0x14AA
[ydlidar_ros2_driver_node-1] [0m[0;31m[2026-05-04 00:18:06][error] Check Sum 0x0CFD != 0x3F2C
[ydlidar_ros2_driver_node-1] [0m[0;31m[2026-05-04 00:18:06][error] Check Sum 0x0F4E != 0x192A
[ydlidar_ros2_driver_node-1] [0m[0;31m[2026-05-04 00:18:06][error] Check Sum 0x6CB4 != 0x5010
[ydlidar_ros2_driver_node-1] [0m[0;31m[2026-05-04 00:18:06][error] Check Sum 0x41D2 != 0x46F2
[ydlidar_ros2_driver_node-1] [0m[0;31m[2026-05-04 00:18:06][error] Check Sum 0x6988 != 0x4930
[ydlidar_ros2_driver_node-1] [0m[0;31m[2026-05-04 00:18:06][error] Check Sum 0x2136 != 0x1AB6
[ydlidar_ros2_driver_node-1] [0m[0;31m[2026-05-04 00:18:06][error] Check Sum 0x332A != 0x6762
[ydlidar_ros2_driver_node-1] [0m[0;33m[2026-05-04 00:18:06][warn] [YDLIDAR]: Real point count 1108 > fixed point count 720
[ydlidar_ros2_driver_node-1] [0m[0;31m[2026-05-04 00:18:06][error] Check Sum 0x2370 != 0x3B68
[ydlidar_ros2_driver_node-1] [0m[0;31m[2026-05-04 00:18:06][error] Check Sum 0xE703 != 0x79D6
[ydlidar_ros2_driver_node-1] [0m[0;31m[2026-05-04 00:18:07][error] Check Sum 0x6EF6 != 0x2D26
[ydlidar_ros2_driver_node-1] [0m[0;31m[2026-05-04 00:18:07][error] Check Sum 0x5BFE != 0x1396
[ydlidar_ros2_driver_node-1] [0m[0;31m[2026-05-04 00:18:07][error] Check Sum 0x403A != 0x41CA
[ydlidar_ros2_driver_node-1] [0m[0;31m[2026-05-04 00:18:07][error] Check Sum 0x054A != 0x42EE
[ydlidar_ros2_driver_node-1] [0m[0;33m[2026-05-04 00:18:07][warn] [YDLIDAR]: Real point count 1379 > fixed point count 720
[ydlidar_ros2_driver_node-1] [0m[0;31m[2026-05-04 00:18:07][error] Check Sum 0x7D92 != 0x460A
[ydlidar_ros2_driver_node-1] [0m[0;31m[2026-05-04 00:18:07][error] Check Sum 0xE420 != 0xFAE0
[ydlidar_ros2_driver_node-1] [0m[0;31m[2026-05-04 00:18:07][error] Check Sum 0x50BA != 0x61FE
[ydlidar_ros2_driver_node-1] [0m[0;31m[2026-05-04 00:18:07][error] Check Sum 0x48AE != 0x333E
[ydlidar_ros2_driver_node-1] [0m[0;31m[2026-05-04 00:18:07][error] Check Sum 0x5186 != 0x43FA
[ydlidar_ros2_driver_node-1] [0m[0;31m[2026-05-04 00:18:08][error] Check Sum 0xDEA6 != 0x8542
[ydlidar_ros2_driver_node-1] [0m[0;31m[2026-05-04 00:18:08][error] Check Sum 0x03DC != 0x44C0
[ydlidar_ros2_driver_node-1] [0m[0;31m[2026-05-04 00:18:08][error] Check Sum 0x6EDE != 0x7A42
[ydlidar_ros2_driver_node-1] [0m[0;31m[2026-05-04 00:18:08][error] Check Sum 0x3E58 != 0x5EFC
[ydlidar_ros2_driver_node-1] [0m[0;31m[2026-05-04 00:18:08][error] Check Sum 0x0D3C != 0x77AC
[ydlidar_ros2_driver_node-1] [0m[0;31m[2026-05-04 00:18:08][error] Check Sum 0x2FD6 != 0x671A
[ydlidar_ros2_driver_node-1] [0m[0;31m[2026-05-04 00:18:08][error] Check Sum 0x8E84 != 0xE81C
[ydlidar_ros2_driver_node-1] [0m[0;31m[2026-05-04 00:18:08][error] Check Sum 0x67F6 != 0x7B32
[ydlidar_ros2_driver_node-1] [0m[0;31m[2026-05-04 00:18:08][error] Check Sum 0x3322 != 0x1206
[ydlidar_ros2_driver_node-1] [0m[0;31m[2026-05-04 00:18:08][error] Check Sum 0x0F8C != 0x274C
[ydlidar_ros2_driver_node-1] [0m[0;31m[2026-05-04 00:18:08][error] Check Sum 0x227E != 0x417F
[ydlidar_ros2_driver_node-1] [0m[0;31m[2026-05-04 00:18:08][error] Check Sum 0x6C23 != 0x6C21
[ydlidar_ros2_driver_node-1] [0m[0;31m[2026-05-04 00:18:08][error] Check Sum 0x6EA6 != 0x3E8E
[ydlidar_ros2_driver_node-1] [0m[0;31m[2026-05-04 00:18:08][error] Check Sum 0x6C04 != 0x5889
[ydlidar_ros2_driver_node-1] [0m[0;31m[2026-05-04 00:18:08][error] Check Sum 0x2FC2 != 0x336A
[ydlidar_ros2_driver_node-1] [0m[0;31m[2026-05-04 00:18:08][error] Check Sum 0x4FB0 != 0x7568
[ydlidar_ros2_driver_node-1] [0m[0;31m[2026-05-04 00:18:08][error] Check Sum 0x47AA != 0x7FBE
[ydlidar_ros2_driver_node-1] [0m[0;31m[2026-05-04 00:18:09][error] Check Sum 0x3284 != 0x735C
[ydlidar_ros2_driver_node-1] [0m[0;31m[2026-05-04 00:18:09][error] Check Sum 0x48AB != 0x0300
[ydlidar_ros2_driver_node-1] [0m[0;31m[2026-05-04 00:18:09][error] Check Sum 0x6058 != 0x45D1
[ydlidar_ros2_driver_node-1] [0m[0;31m[2026-05-04 00:18:09][error] Check Sum 0x2021 != 0x061F
[ydlidar_ros2_driver_node-1] [0m[0;31m[2026-05-04 00:18:09][error] Check Sum 0x08F4 != 0x217C
[ydlidar_ros2_driver_node-1] [0m[0;31m[2026-05-04 00:18:09][error] Check Sum 0x21C0 != 0x631D
[ydlidar_ros2_driver_node-1] [0m[0;31m[2026-05-04 00:18:09][error] Check Sum 0x48AE != 0x3DDE
[ydlidar_ros2_driver_node-1] [0m[0;31m[2026-05-04 00:18:09][error] Check Sum 0x5ACE != 0x62BE
[ydlidar_ros2_driver_node-1] [0m[0;31m[2026-05-04 00:18:09][error] Check Sum 0x3328 != 0x306C
[ydlidar_ros2_driver_node-1] [0m[0;31m[2026-05-04 00:18:09][error] Check Sum 0x319C != 0x1530
[ydlidar_ros2_driver_node-1] [0m[0;31m[2026-05-04 00:18:09][error] Check Sum 0x0418 != 0x58B0
[ydlidar_ros2_driver_node-1] [0m[0;31m[2026-05-04 00:18:09][error] Check Sum 0x7AE6 != 0x3DA2
[ydlidar_ros2_driver_node-1] [0m[0;31m[2026-05-04 00:18:09][error] Check Sum 0x6A6E != 0x492A
[ydlidar_ros2_driver_node-1] [0m[0;31m[2026-05-04 00:18:09][error] Check Sum 0x6CA4 != 0x54C6
[ydlidar_ros2_driver_node-1] [0m[0;31m[2026-05-04 00:18:09][error] Check Sum 0x6E0A != 0x54E6
[ydlidar_ros2_driver_node-1] [0m[0;33m[2026-05-04 00:18:10][warn] [YDLIDAR]: Real point count 1932 > fixed point count 720
[ydlidar_ros2_driver_node-1] [0m[0;31m[2026-05-04 00:18:10][error] Check Sum 0xD73C != 0x8B14
[ydlidar_ros2_driver_node-1] [0m[0;31m[2026-05-04 00:18:10][error] Check Sum 0x2870 != 0x724C
[ydlidar_ros2_driver_node-1] [0m[0;31m[2026-05-04 00:18:10][error] Check Sum 0x8F48 != 0x8184
[ydlidar_ros2_driver_node-1] [0m[0;31m[2026-05-04 00:18:10][error] Check Sum 0x8EE2 != 0x8AC6
[ydlidar_ros2_driver_node-1] [0m[0;31m[2026-05-04 00:18:10][error] Check Sum 0x2878 != 0x76A0
[ydlidar_ros2_driver_node-1] [0m[0;31m[2026-05-04 00:18:10][error] Check Sum 0x2DF6 != 0x33FE
[ydlidar_ros2_driver_node-1] [0m[0;33m[2026-05-04 00:18:10][warn] [YDLIDAR]: Real point count 793 > fixed point count 720
[ydlidar_ros2_driver_node-1] [0m[0;31m[2026-05-04 00:18:10][error] Check Sum 0x0C8A != 0x461A
[ydlidar_ros2_driver_node-1] [0m[0;31m[2026-05-04 00:18:10][error] Check Sum 0x67A2 != 0x5156
[ydlidar_ros2_driver_node-1] [0m[0;31m[2026-05-04 00:18:10][error] Check Sum 0x7EEC != 0x76C8
[ydlidar_ros2_driver_node-1] [0m[0;31m[2026-05-04 00:18:10][error] Check Sum 0x37A6 != 0x0956
[ydlidar_ros2_driver_node-1] [0m[0;31m[2026-05-04 00:18:10][error] Check Sum 0x4620 != 0x588C
[ydlidar_ros2_driver_node-1] [0m[0;31m[2026-05-04 00:18:10][error] Check Sum 0x464C != 0x25C0
[ydlidar_ros2_driver_node-1] [0m[0;31m[2026-05-04 00:18:10][error] Check Sum 0xC5D8 != 0x0000
[ydlidar_ros2_driver_node-1] [0m[0;31m[2026-05-04 00:18:10][error] Check Sum 0x4FC4 != 0x79E4
[ydlidar_ros2_driver_node-1] [0m[0;31m[2026-05-04 00:18:10][error] Check Sum 0x5720 != 0x4838
[ydlidar_ros2_driver_node-1] [0m[0;31m[2026-05-04 00:18:10][error] Check Sum 0x6DB7 != 0x53AA
[ydlidar_ros2_driver_node-1] [0m[0;31m[2026-05-04 00:18:10][error] Check Sum 0x6EB4 != 0x57F4
[ydlidar_ros2_driver_node-1] [0m[0;31m[2026-05-04 00:18:11][error] Check Sum 0x3364 != 0x1EE1
[ydlidar_ros2_driver_node-1] [0m[0;31m[2026-05-04 00:18:11][error] Check Sum 0x6C0A != 0x63BA
[ydlidar_ros2_driver_node-1] [0m[0;31m[2026-05-04 00:18:11][error] Check Sum 0x5D26 != 0x2B82
[ydlidar_ros2_driver_node-1] [0m[0;31m[2026-05-04 00:18:11][error] Check Sum 0x7A4A != 0x16F6
[ydlidar_ros2_driver_node-1] [0m[0;31m[2026-05-04 00:18:11][error] Check Sum 0x6B06 != 0x7AD2
[ydlidar_ros2_driver_node-1] [0m[0;31m[2026-05-04 00:18:11][error] Check Sum 0x4EA4 != 0x6EE4
[ydlidar_ros2_driver_node-1] [0m[0;33m[2026-05-04 00:18:11][warn] [YDLIDAR]: Real point count 973 > fixed point count 720
[ydlidar_ros2_driver_node-1] [0m[0;31m[2026-05-04 00:18:11][error] Check Sum 0x5AC2 != 0x451E
[ydlidar_ros2_driver_node-1] [0m[0;31m[2026-05-04 00:18:11][error] Check Sum 0x49B2 != 0x772A
[ydlidar_ros2_driver_node-1] [0m[0;31m[2026-05-04 00:18:11][error] Check Sum 0xDB2E != 0x9786
[ydlidar_ros2_driver_node-1] [0m[0;31m[2026-05-04 00:18:11][error] Check Sum 0x0C3A != 0x46DE
[ydlidar_ros2_driver_node-1] [0m[0;31m[2026-05-04 00:18:11][error] Check Sum 0x4934 != 0x16B4
[ydlidar_ros2_driver_node-1] [0m[0;31m[2026-05-04 00:18:11][error] Check Sum 0x8C96 != 0x840F
[ydlidar_ros2_driver_node-1] [0m[0;31m[2026-05-04 00:18:11][error] Check Sum 0x3422 != 0x0E2E
[ydlidar_ros2_driver_node-1] [0m[0;31m[2026-05-04 00:18:11][error] Check Sum 0x6D8A != 0x354E
[ydlidar_ros2_driver_node-1] [0m[0;31m[2026-05-04 00:18:11][error] Check Sum 0x72F0 != 0x4088
[ydlidar_ros2_driver_node-1] [0m[0;31m[2026-05-04 00:18:12][error] Check Sum 0x54B8 != 0x6D34
[ydlidar_ros2_driver_node-1] [0m[0;31m[2026-05-04 00:18:12][error] Check Sum 0x4D94 != 0x54C8
[ydlidar_ros2_driver_node-1] [0m[0;31m[2026-05-04 00:18:12][error] Check Sum 0x3CA0 != 0x1F5D
[ydlidar_ros2_driver_node-1] [0m[0;31m[2026-05-04 00:18:12][error] Check Sum 0x1A20 != 0x02B0
[ydlidar_ros2_driver_node-1] [0m[0;31m[2026-05-04 00:18:12][error] Check Sum 0x69C6 != 0x32B2
[ydlidar_ros2_driver_node-1] [0m[0;31m[2026-05-04 00:18:12][error] Check Sum 0x4DDD != 0x4CB8
[ydlidar_ros2_driver_node-1] [0m[0;31m[2026-05-04 00:18:12][error] Check Sum 0x227A != 0x0516
[ydlidar_ros2_driver_node-1] [0m[0;31m[2026-05-04 00:18:12][error] Check Sum 0x0C77 != 0x64C2
[ydlidar_ros2_driver_node-1] [0m[0;31m[2026-05-04 00:18:12][error] Check Sum 0x2DDE != 0x3062
[ydlidar_ros2_driver_node-1] [0m[0;31m[2026-05-04 00:18:12][error] Check Sum 0x41C4 != 0x3E94
[ydlidar_ros2_driver_node-1] [0m[0;31m[2026-05-04 00:18:12][error] Check Sum 0x7B64 != 0x1A44
[ydlidar_ros2_driver_node-1] [0m[0;31m[2026-05-04 00:18:12][error] Check Sum 0x61D0 != 0x6D70
[ydlidar_ros2_driver_node-1] [0m[0;31m[2026-05-04 00:18:12][error] Check Sum 0x8EEC != 0xDA88
[ydlidar_ros2_driver_node-1] [0m[0;31m[2026-05-04 00:18:12][error] Check Sum 0x7AC6 != 0x3922
[ydlidar_ros2_driver_node-1] [0m[0;31m[2026-05-04 00:18:12][error] Check Sum 0x6A76 != 0x495E
[ydlidar_ros2_driver_node-1] [0m[0;31m[2026-05-04 00:18:12][error] Check Sum 0x2B44 != 0x5F34
[ydlidar_ros2_driver_node-1] [0m[0;31m[2026-05-04 00:18:12][error] Check Sum 0x40BE != 0x41AF
[ydlidar_ros2_driver_node-1] [0m[0;31m[2026-05-04 00:18:12][error] Check Sum 0xEB6E != 0x78CA
[ydlidar_ros2_driver_node-1] [0m[0;31m[2026-05-04 00:18:13][error] Check Sum 0x2B24 != 0x5F18
[ydlidar_ros2_driver_node-1] [0m[0;31m[2026-05-04 00:18:13][error] Check Sum 0x7AA8 != 0x27A4
[ydlidar_ros2_driver_node-1] [0m[0;31m[2026-05-04 00:18:13][error] Check Sum 0x63DA != 0x66CA
[ydlidar_ros2_driver_node-1] [0m[0;31m[2026-05-04 00:18:13][error] Check Sum 0x480A != 0x2A8A
[ydlidar_ros2_driver_node-1] [0m[0;31m[2026-05-04 00:18:13][error] Check Sum 0x136F != 0x01A6
[ydlidar_ros2_driver_node-1] [0m[0;31m[2026-05-04 00:18:13][error] Check Sum 0x7D36 != 0x4B3E
[ydlidar_ros2_driver_node-1] [0m[0;31m[2026-05-04 00:18:13][error] Check Sum 0x5354 != 0x54C8
[ydlidar_ros2_driver_node-1] [0m[0;31m[2026-05-04 00:18:13][error] Check Sum 0x66EE != 0x7B92
[ydlidar_ros2_driver_node-1] [0m[0;31m[2026-05-04 00:18:13][error] Check Sum 0x6607 != 0x226C
[ydlidar_ros2_driver_node-1] [0m[0;31m[2026-05-04 00:18:13][error] Check Sum 0x27A6 != 0x0052
[ydlidar_ros2_driver_node-1] [0m[0;31m[2026-05-04 00:18:13][error] Check Sum 0x7D78 != 0x7A08
[ydlidar_ros2_driver_node-1] [0m[0;31m[2026-05-04 00:18:13][error] Check Sum 0x7B44 != 0x7B60
[ydlidar_ros2_driver_node-1] [0m[0;31m[2026-05-04 00:18:13][error] Check Sum 0x8CBE != 0x8287
[ydlidar_ros2_driver_node-1] [0m[0;31m[2026-05-04 00:18:13][error] Check Sum 0x7BF2 != 0x2EFE
[ydlidar_ros2_driver_node-1] [0m[0;31m[2026-05-04 00:18:13][error] Check Sum 0x7282 != 0x5D7A
[ydlidar_ros2_driver_node-1] [0m[0;31m[2026-05-04 00:18:13][error] Check Sum 0x4B2A != 0x0412
[ydlidar_ros2_driver_node-1] [0m[0;31m[2026-05-04 00:18:14][error] Check Sum 0x4752 != 0x4326
[ydlidar_ros2_driver_node-1] [0m[0;31m[2026-05-04 00:18:14][error] Check Sum 0xB423 != 0x06D9
[ydlidar_ros2_driver_node-1] [0m[0;31m[2026-05-04 00:18:14][error] Check Sum 0xD094 != 0xBC7C
[ydlidar_ros2_driver_node-1] [0m[0;31m[2026-05-04 00:18:14][error] Check Sum 0xDBD4 != 0xBB54
[ydlidar_ros2_driver_node-1] [0m[0;31m[2026-05-04 00:18:14][error] Check Sum 0x791C != 0x5154
[ydlidar_ros2_driver_node-1] [0m[0;31m[2026-05-04 00:18:14][error] Check Sum 0x4950 != 0x7D8C
[ydlidar_ros2_driver_node-1] [0m[0;31m[2026-05-04 00:18:14][error] Check Sum 0x6E82 != 0x7B0E
[ydlidar_ros2_driver_node-1] [0m[0;31m[2026-05-04 00:18:14][error] Check Sum 0x6A9A != 0x4B0E
[ydlidar_ros2_driver_node-1] [0m[0;31m[2026-05-04 00:18:14][error] Check Sum 0xC2C4 != 0xAC60
[ydlidar_ros2_driver_node-1] [0m[0;31m[2026-05-04 00:18:14][error] Check Sum 0x8E7A != 0x921A
[ydlidar_ros2_driver_node-1] [0m[0;31m[2026-05-04 00:18:14][error] Check Sum 0x5780 != 0x2F68
[ydlidar_ros2_driver_node-1] [0m[0;31m[2026-05-04 00:18:14][error] Check Sum 0xFDAE != 0xAB6F
[ydlidar_ros2_driver_node-1] [0m[0;31m[2026-05-04 00:18:14][error] Check Sum 0xE0FA != 0x824F
[ydlidar_ros2_driver_node-1] [0m[0;31m[2026-05-04 00:18:14][error] Check Sum 0x15AA != 0x650E
[ydlidar_ros2_driver_node-1] [0m[0;31m[2026-05-04 00:18:14][error] Check Sum 0x2A66 != 0x6842
[ydlidar_ros2_driver_node-1] [0m[0;31m[2026-05-04 00:18:15][error] Check Sum 0x4EF4 != 0x1AD4
[ydlidar_ros2_driver_node-1] [0m[0;31m[2026-05-04 00:18:15][error] Check Sum 0xDC1A != 0x8E36
[ydlidar_ros2_driver_node-1] [0m[0;31m[2026-05-04 00:18:15][error] Check Sum 0x4F89 != 0x2950
[ydlidar_ros2_driver_node-1] [0m[0;31m[2026-05-04 00:18:15][error] Check Sum 0x49B6 != 0x0ABE
[ydlidar_ros2_driver_node-1] [0m[0;31m[2026-05-04 00:18:15][error] Check Sum 0x7A36 != 0x43FE
[ydlidar_ros2_driver_node-1] [0m[0;31m[2026-05-04 00:18:15][error] Check Sum 0x2C64 != 0x65B0
[ydlidar_ros2_driver_node-1] [0m[0;31m[2026-05-04 00:18:15][error] Check Sum 0xE852 != 0xAB32
[ydlidar_ros2_driver_node-1] [0m[0;31m[2026-05-04 00:18:15][error] Check Sum 0x8E8E != 0xF562
[ydlidar_ros2_driver_node-1] [0m[0;31m[2026-05-04 00:18:15][error] Check Sum 0x6386 != 0x79BA
[ydlidar_ros2_driver_node-1] [0m[0;31m[2026-05-04 00:18:15][error] Check Sum 0xC1C2 != 0x804E
[ydlidar_ros2_driver_node-1] [0m[0;31m[2026-05-04 00:18:15][error] Check Sum 0xF264 != 0xA138
[ydlidar_ros2_driver_node-1] [0m[0;31m[2026-05-04 00:18:15][error] Check Sum 0x690A != 0x6242
[ydlidar_ros2_driver_node-1] [0m[0;31m[2026-05-04 00:18:15][error] Check Sum 0x7B78 != 0x4644
[ydlidar_ros2_driver_node-1] [0m[0;31m[2026-05-04 00:18:15][error] Check Sum 0x0C7C != 0x272C
[ydlidar_ros2_driver_node-1] [0m[0;33m[2026-05-04 00:18:15][warn] [YDLIDAR]: Real point count 766 > fixed point count 720
[ydlidar_ros2_driver_node-1] [0m[0;31m[2026-05-04 00:18:15][error] Check Sum 0x7892 != 0x40AB
[ydlidar_ros2_driver_node-1] [0m[0;31m[2026-05-04 00:18:15][error] Check Sum 0x2D8E != 0x7226
[ydlidar_ros2_driver_node-1] [0m[0;31m[2026-05-04 00:18:16][error] Check Sum 0x5A7A != 0x104E
[ydlidar_ros2_driver_node-1] [0m[0;31m[2026-05-04 00:18:16][error] Check Sum 0x5088 != 0x2AE0
[ydlidar_ros2_driver_node-1] [0m[0;31m[2026-05-04 00:18:16][error] Check Sum 0x4F76 != 0x46C6
[ydlidar_ros2_driver_node-1] [0m[0;33m[2026-05-04 00:18:16][warn] [YDLIDAR]: Real point count 747 > fixed point count 720
[ydlidar_ros2_driver_node-1] [0m[0;31m[2026-05-04 00:18:16][error] Check Sum 0x4A1C != 0x6038
[ydlidar_ros2_driver_node-1] [0m[0;31m[2026-05-04 00:18:16][error] Check Sum 0x2FE2 != 0x104A
[ydlidar_ros2_driver_node-1] [0m[0;31m[2026-05-04 00:18:16][error] Check Sum 0x787D != 0xAAA5
[ydlidar_ros2_driver_node-1] [0m[0;31m[2026-05-04 00:18:16][error] Check Sum 0x32AE != 0x1DAE
[ydlidar_ros2_driver_node-1] [0m[0;31m[2026-05-04 00:18:16][error] Check Sum 0x5422 != 0xE07F
[ydlidar_ros2_driver_node-1] [0m[0;31m[2026-05-04 00:18:16][error] Check Sum 0x6026 != 0x736E
[ydlidar_ros2_driver_node-1] [0m[0;31m[2026-05-04 00:18:16][error] Check Sum 0x0F4E != 0x411A
[ydlidar_ros2_driver_node-1] [0m[0;31m[2026-05-04 00:18:16][error] Check Sum 0x66BE != 0x773F
[ydlidar_ros2_driver_node-1] [0m[0;31m[2026-05-04 00:18:16][error] Check Sum 0x8ECC != 0xCF34
[ydlidar_ros2_driver_node-1] [0m[0;31m[2026-05-04 00:18:16][error] Check Sum 0x78C4 != 0x2B0C
[ydlidar_ros2_driver_node-1] [0m[0;31m[2026-05-04 00:18:16][error] Check Sum 0x0274 != 0x44DD
[ydlidar_ros2_driver_node-1] [0m[0;31m[2026-05-04 00:18:16][error] Check Sum 0x2BA6 != 0x5E3E
[ydlidar_ros2_driver_node-1] [0m[0;31m[2026-05-04 00:18:16][error] Check Sum 0x4C8A != 0x2642
[ydlidar_ros2_driver_node-1] [0m[0;31m[2026-05-04 00:18:16][error] Check Sum 0x4486 != 0x6DFB
[ydlidar_ros2_driver_node-1] [0m[0;33m[2026-05-04 00:18:17][warn] [YDLIDAR]: Real point count 1376 > fixed point count 720
[ydlidar_ros2_driver_node-1] [0m[0;31m[2026-05-04 00:18:17][error] Check Sum 0x4B44 != 0x6D34
[ydlidar_ros2_driver_node-1] [0m[0;31m[2026-05-04 00:18:17][error] Check Sum 0x3104 != 0x5B8C
[ydlidar_ros2_driver_node-1] [0m[0;31m[2026-05-04 00:18:17][error] Check Sum 0x8AE4 != 0x906C
[ydlidar_ros2_driver_node-1] [0m[0;31m[2026-05-04 00:18:17][error] Check Sum 0x5920 != 0x7294
[ydlidar_ros2_driver_node-1] [0m[0;31m[2026-05-04 00:18:17][error] Check Sum 0x2B64 != 0x070C
[ydlidar_ros2_driver_node-1] [0m[0;31m[2026-05-04 00:18:17][error] Check Sum 0xC76E != 0x8133
[ydlidar_ros2_driver_node-1] [0m[0;33m[2026-05-04 00:18:17][warn] [YDLIDAR]: Real point count 766 > fixed point count 720
[ydlidar_ros2_driver_node-1] [0m[0;31m[2026-05-04 00:18:17][error] Check Sum 0x0B1E != 0x676A
[ydlidar_ros2_driver_node-1] [0m[0;31m[2026-05-04 00:18:17][error] Check Sum 0x5ADA != 0x73DE
[ydlidar_ros2_driver_node-1] [0m[0;31m[2026-05-04 00:18:17][error] Check Sum 0x69F6 != 0x38BA
[ydlidar_ros2_driver_node-1] [0m[0;31m[2026-05-04 00:18:17][error] Check Sum 0x698E != 0x4BF2
[ydlidar_ros2_driver_node-1] [0m[0;31m[2026-05-04 00:18:17][error] Check Sum 0x0DF6 != 0x3872
[ydlidar_ros2_driver_node-1] [0m[0;31m[2026-05-04 00:18:18][error] Check Sum 0x6DE4 != 0x3C0C
[ydlidar_ros2_driver_node-1] [0m[0;31m[2026-05-04 00:18:18][error] Check Sum 0xCDF4 != 0xE8BC
[ydlidar_ros2_driver_node-1] [0m[0;31m[2026-05-04 00:18:18][error] Check Sum 0x76DE != 0x5E26
[ydlidar_ros2_driver_node-1] [0m[0;31m[2026-05-04 00:18:18][error] Check Sum 0x6A6A != 0x4892
[ydlidar_ros2_driver_node-1] [0m[0;31m[2026-05-04 00:18:18][error] Check Sum 0x60D4 != 0x48C4
[ydlidar_ros2_driver_node-1] [0m[0;31m[2026-05-04 00:18:18][error] Check Sum 0x11BE != 0x3EFA
[ydlidar_ros2_driver_node-1] [0m[0;31m[2026-05-04 00:18:18][error] Check Sum 0x5B96 != 0x15F2
[ydlidar_ros2_driver_node-1] [0m[0;31m[2026-05-04 00:18:18][error] Check Sum 0x32B6 != 0x318F
[ydlidar_ros2_driver_node-1] [0m[0;31m[2026-05-04 00:18:18][error] Check Sum 0x472A != 0x6136
[ydlidar_ros2_driver_node-1] [0m[0;31m[2026-05-04 00:18:18][error] Check Sum 0xAB32 != 0xE96A
[ydlidar_ros2_driver_node-1] [0m[0;31m[2026-05-04 00:18:18][error] Check Sum 0x8E4A != 0xAC8E
[ydlidar_ros2_driver_node-1] [0m[0;31m[2026-05-04 00:18:18][error] Check Sum 0x5DF2 != 0x54E6
[ydlidar_ros2_driver_node-1] [0m[0;31m[2026-05-04 00:18:19][error] Check Sum 0x7AE7 != 0x7E6A
[ydlidar_ros2_driver_node-1] [0m[0;31m[2026-05-04 00:18:19][error] Check Sum 0x37AE != 0x6397
[ydlidar_ros2_driver_node-1] [0m[0;31m[2026-05-04 00:18:19][error] Check Sum 0x6F80 != 0x19A0
[ydlidar_ros2_driver_node-1] [0m[0;31m[2026-05-04 00:18:19][error] Check Sum 0x6CF6 != 0x29AA
[ydlidar_ros2_driver_node-1] [0m[0;31m[2026-05-04 00:18:19][error] Check Sum 0x4EB8 != 0x0960
[ydlidar_ros2_driver_node-1] [0m[0;31m[2026-05-04 00:18:19][error] Check Sum 0x30EC != 0x2528
[ydlidar_ros2_driver_node-1] [0m[0;31m[2026-05-04 00:18:19][error] Check Sum 0xC8FA != 0x8363
[ydlidar_ros2_driver_node-1] [0m[0;31m[2026-05-04 00:18:19][error] Check Sum 0x7D8E != 0x48CE
[ydlidar_ros2_driver_node-1] [0m[0;31m[2026-05-04 00:18:19][error] Check Sum 0x0D02 != 0x1A8E
[ydlidar_ros2_driver_node-1] [0m[0;31m[2026-05-04 00:18:19][error] Check Sum 0x4CE4 != 0x23E0
[ydlidar_ros2_driver_node-1] [0m[0;31m[2026-05-04 00:18:19][error] Check Sum 0x4E58 != 0x5210
[ydlidar_ros2_driver_node-1] [0m[0;31m[2026-05-04 00:18:19][error] Check Sum 0x958E != 0x80C3
[ydlidar_ros2_driver_node-1] [0m[0;31m[2026-05-04 00:18:20][error] Check Sum 0x1A14 != 0x13BC
[ydlidar_ros2_driver_node-1] [0m[0;31m[2026-05-04 00:18:20][error] Check Sum 0x7540 != 0x570C
[ydlidar_ros2_driver_node-1] [0m[0;31m[2026-05-04 00:18:20][error] Check Sum 0x8E84 != 0xA0D8
[ydlidar_ros2_driver_node-1] [0m[0;31m[2026-05-04 00:18:20][error] Check Sum 0x3532 != 0x0AEB
[ydlidar_ros2_driver_node-1] [0m[0;31m[2026-05-04 00:18:20][error] Check Sum 0x447E != 0x0BE6
[ydlidar_ros2_driver_node-1] [0m[0;31m[2026-05-04 00:18:20][error] Check Sum 0x147F != 0xAAF7
[ydlidar_ros2_driver_node-1] [0m[0;31m[2026-05-04 00:18:20][error] Check Sum 0x2410 != 0x236C
[ydlidar_ros2_driver_node-1] [0m[0;33m[2026-05-04 00:18:20][warn] [YDLIDAR]: Real point count 791 > fixed point count 720
[ydlidar_ros2_driver_node-1] [0m[0;31m[2026-05-04 00:18:20][error] Check Sum 0x0F04 != 0x214C
[ydlidar_ros2_driver_node-1] [0m[0;31m[2026-05-04 00:18:20][error] Check Sum 0x4E88 != 0x01D8
[ydlidar_ros2_driver_node-1] [0m[0;31m[2026-05-04 00:18:20][error] Check Sum 0x6DDE != 0x5DC2
[ydlidar_ros2_driver_node-1] [0m[0;31m[2026-05-04 00:18:20][error] Check Sum 0x5DD8 != 0x6048
[ydlidar_ros2_driver_node-1] [0m[0;31m[2026-05-04 00:18:20][error] Check Sum 0xFA27 != 0x497E
[ydlidar_ros2_driver_node-1] [0m[0;31m[2026-05-04 00:18:20][error] Check Sum 0x6DEE != 0x2532
[ydlidar_ros2_driver_node-1] [0m[0;31m[2026-05-04 00:18:20][error] Check Sum 0x5B40 != 0x52A4
[ydlidar_ros2_driver_node-1] [0m[0;31m[2026-05-04 00:18:20][error] Check Sum 0x4714 != 0x6104
[ydlidar_ros2_driver_node-1] [0m[0;31m[2026-05-04 00:18:20][error] Check Sum 0x4FA0 != 0x0994
[ydlidar_ros2_driver_node-1] [0m[0;31m[2026-05-04 00:18:20][error] Check Sum 0x47EF != 0x42FE
[ydlidar_ros2_driver_node-1] [0m[0;31m[2026-05-04 00:18:21][error] Check Sum 0x4D88 != 0x66F4
[ydlidar_ros2_driver_node-1] [0m[0;31m[2026-05-04 00:18:21][error] Check Sum 0x991A != 0xAB6A
[ydlidar_ros2_driver_node-1] [0m[0;31m[2026-05-04 00:18:21][error] Check Sum 0x0B74 != 0x24EC
[ydlidar_ros2_driver_node-1] [0m[0;31m[2026-05-04 00:18:21][error] Check Sum 0xE2C4 != 0x005F
[ydlidar_ros2_driver_node-1] [0m[0;31m[2026-05-04 00:18:21][error] Check Sum 0x2068 != 0x271C
[ydlidar_ros2_driver_node-1] [0m[0;31m[2026-05-04 00:18:21][error] Check Sum 0x0D64 != 0x6F90
[ydlidar_ros2_driver_node-1] [0m[0;31m[2026-05-04 00:18:21][error] Check Sum 0x4407 != 0x5922
[ydlidar_ros2_driver_node-1] [0m[0;31m[2026-05-04 00:18:21][error] Check Sum 0x8E62 != 0x8322
[ydlidar_ros2_driver_node-1] [0m[0;31m[2026-05-04 00:18:21][error] Check Sum 0x3D38 != 0x62FC
[ydlidar_ros2_driver_node-1] [0m[0;31m[2026-05-04 00:18:21][error] Check Sum 0x470E != 0x62D6
[ydlidar_ros2_driver_node-1] [0m[0;31m[2026-05-04 00:18:21][error] Check Sum 0x5E94 != 0x54F8
[ydlidar_ros2_driver_node-1] [0m[0;31m[2026-05-04 00:18:21][error] Check Sum 0x699C != 0x4BB8
[ydlidar_ros2_driver_node-1] [0m[0;31m[2026-05-04 00:18:21][error] Check Sum 0x6CE2 != 0x7AAE
[ydlidar_ros2_driver_node-1] [0m[0;31m[2026-05-04 00:18:21][error] Check Sum 0x5A4E != 0x3D92
[ydlidar_ros2_driver_node-1] [0m[0;31m[2026-05-04 00:18:21][error] Check Sum 0x0C28 != 0x4EDC
[ydlidar_ros2_driver_node-1] [0m[0;31m[2026-05-04 00:18:22][error] Check Sum 0x4DC0 != 0x67A0
[ydlidar_ros2_driver_node-1] [0m[0;31m[2026-05-04 00:18:22][error] Check Sum 0x20F2 != 0x1E6A
[ydlidar_ros2_driver_node-1] [0m[0;31m[2026-05-04 00:18:22][error] Check Sum 0x492C != 0x2A10
[ydlidar_ros2_driver_node-1] [0m[0;31m[2026-05-04 00:18:22][error] Check Sum 0x1C88 != 0x5CC8
[ydlidar_ros2_driver_node-1] [0m[0;31m[2026-05-04 00:18:22][error] Check Sum 0x0FD4 != 0x42D0
[ydlidar_ros2_driver_node-1] [0m[0;31m[2026-05-04 00:18:22][error] Check Sum 0x0F28 != 0x2DF4
[ydlidar_ros2_driver_node-1] [0m[0;31m[2026-05-04 00:18:22][error] Check Sum 0x70AE != 0x7EA2
[ydlidar_ros2_driver_node-1] [0m[0;33m[2026-05-04 00:18:22][warn] [YDLIDAR]: Real point count 854 > fixed point count 720
[ydlidar_ros2_driver_node-1] [0m[0;31m[2026-05-04 00:18:22][error] Check Sum 0x463A != 0x186A
[ydlidar_ros2_driver_node-1] [0m[0;31m[2026-05-04 00:18:22][error] Check Sum 0x2326 != 0x5C32
[ydlidar_ros2_driver_node-1] [0m[0;31m[2026-05-04 00:18:22][error] Check Sum 0x79CC != 0x07CC
[ydlidar_ros2_driver_node-1] [0m[0;31m[2026-05-04 00:18:22][error] Check Sum 0x7B26 != 0x4112
[ydlidar_ros2_driver_node-1] [0m[0;31m[2026-05-04 00:18:22][error] Check Sum 0x0A98 != 0x497C
[ydlidar_ros2_driver_node-1] [0m[0;31m[2026-05-04 00:18:22][error] Check Sum 0x6EFA != 0x351E
[ydlidar_ros2_driver_node-1] [0m[0;31m[2026-05-04 00:18:23][error] Check Sum 0x4890 != 0x5F89
[ydlidar_ros2_driver_node-1] [0m[0;31m[2026-05-04 00:18:23][error] Check Sum 0x0D46 != 0x5896
[ydlidar_ros2_driver_node-1] [0m[0;31m[2026-05-04 00:18:23][error] Check Sum 0x66E6 != 0x710E
[ydlidar_ros2_driver_node-1] [0m[0;31m[2026-05-04 00:18:23][error] Check Sum 0xBE18 != 0xB0A7
[ydlidar_ros2_driver_node-1] [0m[0;31m[2026-05-04 00:18:23][error] Check Sum 0x373A != 0x4932
[ydlidar_ros2_driver_node-1] [0m[0;31m[2026-05-04 00:18:23][error] Check Sum 0x1D3E != 0x63A6
[ydlidar_ros2_driver_node-1] [0m[0;31m[2026-05-04 00:18:23][error] Check Sum 0x61DE != 0x519E
[ydlidar_ros2_driver_node-1] [0m[0;31m[2026-05-04 00:18:23][error] Check Sum 0xACDE != 0x878F
[ydlidar_ros2_driver_node-1] [0m[0;31m[2026-05-04 00:18:23][error] Check Sum 0xB528 != 0x2EBA
[ydlidar_ros2_driver_node-1] [0m[0;31m[2026-05-04 00:18:23][error] Check Sum 0x6E18 != 0x2588
[ydlidar_ros2_driver_node-1] [0m[0;31m[2026-05-04 00:18:23][error] Check Sum 0x6296 != 0x5862
[ydlidar_ros2_driver_node-1] [0m[0;31m[2026-05-04 00:18:23][error] Check Sum 0x3D40 != 0x10F8
[ydlidar_ros2_driver_node-1] [0m[0;31m[2026-05-04 00:18:23][error] Check Sum 0x6CF6 != 0x1DEA
[ydlidar_ros2_driver_node-1] [0m[0;31m[2026-05-04 00:18:23][error] Check Sum 0x0D3C != 0x43F4
[ydlidar_ros2_driver_node-1] [0m[0;31m[2026-05-04 00:18:24][error] Check Sum 0x7848 != 0x333C
[ydlidar_ros2_driver_node-1] [0m[0;31m[2026-05-04 00:18:24][error] Check Sum 0x0D2A != 0x7A5E
[ydlidar_ros2_driver_node-1] [0m[0;31m[2026-05-04 00:18:24][error] Check Sum 0x8ECA != 0xCE66
[ydlidar_ros2_driver_node-1] [0m[0;31m[2026-05-04 00:18:24][error] Check Sum 0x710C != 0x7F5C
[ydlidar_ros2_driver_node-1] [0m[0;31m[2026-05-04 00:18:24][error] Check Sum 0x409A != 0x61BE
[ydlidar_ros2_driver_node-1] [0m[0;31m[2026-05-04 00:18:24][error] Check Sum 0x8EB2 != 0x924A
[ydlidar_ros2_driver_node-1] [0m[0;31m[2026-05-04 00:18:24][error] Check Sum 0x479E != 0x420F
[ydlidar_ros2_driver_node-1] [0m[0;31m[2026-05-04 00:18:24][error] Check Sum 0x590E != 0x57AE
[ydlidar_ros2_driver_node-1] [0m[0;31m[2026-05-04 00:18:24][error] Check Sum 0x33B4 != 0x3158
[ydlidar_ros2_driver_node-1] [0m[0;31m[2026-05-04 00:18:24][error] Check Sum 0x5FB4 != 0x0670
[ydlidar_ros2_driver_node-1] [0m[0;31m[2026-05-04 00:18:24][error] Check Sum 0x4154 != 0x2818
[ydlidar_ros2_driver_node-1] [0m[0;33m[2026-05-04 00:18:24][warn] [YDLIDAR]: Real point count 732 > fixed point count 720
[ydlidar_ros2_driver_node-1] [0m[0;31m[2026-05-04 00:18:24][error] Check Sum 0x1CE6 != 0x3796
[ydlidar_ros2_driver_node-1] [0m[0;31m[2026-05-04 00:18:24][error] Check Sum 0x4D86 != 0x7A9A
[ydlidar_ros2_driver_node-1] [0m[0;31m[2026-05-04 00:18:24][error] Check Sum 0x6D0A != 0x3F1A
[ydlidar_ros2_driver_node-1] [0m[0;31m[2026-05-04 00:18:24][error] Check Sum 0x7B30 != 0x7B48
[ydlidar_ros2_driver_node-1] [0m[0;31m[2026-05-04 00:18:25][error] Check Sum 0x476C != 0x5374
[ydlidar_ros2_driver_node-1] [0m[0;31m[2026-05-04 00:18:25][error] Check Sum 0x8E64 != 0xBA34
[ydlidar_ros2_driver_node-1] [0m[0;31m[2026-05-04 00:18:25][error] Check Sum 0x6EE2 != 0x775A
[ydlidar_ros2_driver_node-1] [0m[0;31m[2026-05-04 00:18:25][error] Check Sum 0x7B02 != 0x1AF2
[ydlidar_ros2_driver_node-1] [0m[0;31m[2026-05-04 00:18:25][error] Check Sum 0x7A72 != 0x69EA
[ydlidar_ros2_driver_node-1] [0m[0;31m[2026-05-04 00:18:25][error] Check Sum 0x248E != 0x4CE2
[ydlidar_ros2_driver_node-1] [0m[0;31m[2026-05-04 00:18:25][error] Check Sum 0x4DDC != 0x4928
[ydlidar_ros2_driver_node-1] [0m[0;31m[2026-05-04 00:18:25][error] Check Sum 0x2EB2 != 0x620A
[ydlidar_ros2_driver_node-1] [0m[0;31m[2026-05-04 00:18:25][error] Check Sum 0xC6AE != 0xA652
[ydlidar_ros2_driver_node-1] [0m[0;31m[2026-05-04 00:18:25][error] Check Sum 0x53F4 != 0x6745
[ydlidar_ros2_driver_node-1] [0m[0;31m[2026-05-04 00:18:25][error] Check Sum 0x498C != 0x4D80
[ydlidar_ros2_driver_node-1] [0m[0;31m[2026-05-04 00:18:25][error] Check Sum 0x030A != 0x66BE
[ydlidar_ros2_driver_node-1] [0m[0;31m[2026-05-04 00:18:25][error] Check Sum 0x5A0A != 0x670A
[ydlidar_ros2_driver_node-1] [0m[0;31m[2026-05-04 00:18:25][error] Check Sum 0x47E4 != 0x6860
[ydlidar_ros2_driver_node-1] [0m[0;31m[2026-05-04 00:18:26][error] Check Sum 0x4E36 != 0x44EA
[ydlidar_ros2_driver_node-1] [0m[0;31m[2026-05-04 00:18:26][error] Check Sum 0x11B8 != 0x4F74
[ydlidar_ros2_driver_node-1] [0m[0;31m[2026-05-04 00:18:26][error] Check Sum 0x5DDE != 0x4582
[ydlidar_ros2_driver_node-1] [0m[0;31m[2026-05-04 00:18:26][error] Check Sum 0x2B18 != 0x3390
[ydlidar_ros2_driver_node-1] [0m[0;31m[2026-05-04 00:18:26][error] Check Sum 0x6ABD != 0x4479
[ydlidar_ros2_driver_node-1] [0m[0;31m[2026-05-04 00:18:26][error] Check Sum 0x0E5A != 0x26F6
[ydlidar_ros2_driver_node-1] [0m[0;31m[2026-05-04 00:18:26][error] Check Sum 0x7EB0 != 0x598C
[ydlidar_ros2_driver_node-1] [0m[0;31m[2026-05-04 00:18:26][error] Check Sum 0x89F2 != 0x8AAB
[ydlidar_ros2_driver_node-1] [0m[0;31m[2026-05-04 00:18:26][error] Check Sum 0x58E8 != 0x43CC
[ydlidar_ros2_driver_node-1] [0m[0;31m[2026-05-04 00:18:26][error] Check Sum 0x5101 != 0x6056
[ydlidar_ros2_driver_node-1] [0m[0;31m[2026-05-04 00:18:26][error] Check Sum 0x7B2F != 0x6966
[ydlidar_ros2_driver_node-1] [0m[0;31m[2026-05-04 00:18:26][error] Check Sum 0x4FE8 != 0x0E98
[ydlidar_ros2_driver_node-1] [0m[0;31m[2026-05-04 00:18:26][error] Check Sum 0x47FA != 0x7BDA
[ydlidar_ros2_driver_node-1] [0m[0;31m[2026-05-04 00:18:26][error] Check Sum 0x780A != 0x74CA
[ydlidar_ros2_driver_node-1] [0m[0;31m[2026-05-04 00:18:26][error] Check Sum 0x2C86 != 0x458B
[ydlidar_ros2_driver_node-1] [0m[0;31m[2026-05-04 00:18:26][error] Check Sum 0x7296 != 0x51C2
[ydlidar_ros2_driver_node-1] [0m[0;31m[2026-05-04 00:18:26][error] Check Sum 0x329E != 0x0C9B
[ydlidar_ros2_driver_node-1] [0m[0;31m[2026-05-04 00:18:26][error] Check Sum 0x4E9C != 0x62BC
[ydlidar_ros2_driver_node-1] [0m[0;31m[2026-05-04 00:18:26][error] Check Sum 0x47A6 != 0x42C7
[ydlidar_ros2_driver_node-1] [0m[0;31m[2026-05-04 00:18:27][error] Check Sum 0x8E26 != 0xC616
[ydlidar_ros2_driver_node-1] [0m[0;31m[2026-05-04 00:18:27][error] Check Sum 0x4DFF != 0x7F82
[ydlidar_ros2_driver_node-1] [0m[0;31m[2026-05-04 00:18:27][error] Check Sum 0x8D6E != 0xAD92
[ydlidar_ros2_driver_node-1] [0m[0;31m[2026-05-04 00:18:27][error] Check Sum 0xD74A != 0xF6E2
[ydlidar_ros2_driver_node-1] [0m[0;31m[2026-05-04 00:18:27][error] Check Sum 0x6A84 != 0x4860
[ydlidar_ros2_driver_node-1] [0m[0;33m[2026-05-04 00:18:27][warn] [YDLIDAR]: Real point count 893 > fixed point count 720
[ydlidar_ros2_driver_node-1] [0m[0;31m[2026-05-04 00:18:27][error] Check Sum 0x2836 != 0x254B
[ydlidar_ros2_driver_node-1] [0m[0;31m[2026-05-04 00:18:27][error] Check Sum 0xFE22 != 0xA5D2
[ydlidar_ros2_driver_node-1] [0m[0;31m[2026-05-04 00:18:27][error] Check Sum 0x41D6 != 0x5432
[ydlidar_ros2_driver_node-1] [0m[0;31m[2026-05-04 00:18:27][error] Check Sum 0x2870 != 0x7140
[ydlidar_ros2_driver_node-1] [0m[0;31m[2026-05-04 00:18:27][error] Check Sum 0x227E != 0x4522
[ydlidar_ros2_driver_node-1] [0m[0;31m[2026-05-04 00:18:27][error] Check Sum 0x04CC != 0x474C
[ydlidar_ros2_driver_node-1] [0m[0;31m[2026-05-04 00:18:27][error] Check Sum 0x451A != 0x647B
[ydlidar_ros2_driver_node-1] [0m[0;31m[2026-05-04 00:18:27][error] Check Sum 0x475E != 0x509E
[ydlidar_ros2_driver_node-1] [0m[0;31m[2026-05-04 00:18:27][error] Check Sum 0x793E != 0x6A82
[ydlidar_ros2_driver_node-1] [0m[0;31m[2026-05-04 00:18:27][error] Check Sum 0x0D5E != 0x4666
[ydlidar_ros2_driver_node-1] [0m[0;31m[2026-05-04 00:18:27][error] Check Sum 0x79D6 != 0x046E
[ydlidar_ros2_driver_node-1] [0m[0;31m[2026-05-04 00:18:27][error] Check Sum 0x7628 != 0xAA7D
[ydlidar_ros2_driver_node-1] [0m[0;31m[2026-05-04 00:18:27][error] Check Sum 0x76D6 != 0x43A2
[ydlidar_ros2_driver_node-1] [0m[0;31m[2026-05-04 00:18:28][error] Check Sum 0x9122 != 0xAC56
[ydlidar_ros2_driver_node-1] [0m[0;31m[2026-05-04 00:18:28][error] Check Sum 0x34CC != 0x4B65
[ydlidar_ros2_driver_node-1] [0m[0;31m[2026-05-04 00:18:28][error] Check Sum 0x7B22 != 0x4336
[ydlidar_ros2_driver_node-1] [0m[0;31m[2026-05-04 00:18:28][error] Check Sum 0x8C98 != 0x8211
[ydlidar_ros2_driver_node-1] [0m[0;31m[2026-05-04 00:18:28][error] Check Sum 0x8F92 != 0xE462
[ydlidar_ros2_driver_node-1] [0m[0;31m[2026-05-04 00:18:28][error] Check Sum 0x5B4E != 0x64BF
[ydlidar_ros2_driver_node-1] [0m[0;31m[2026-05-04 00:18:28][error] Check Sum 0xE306 != 0xE51A
[ydlidar_ros2_driver_node-1] [0m[0;31m[2026-05-04 00:18:28][error] Check Sum 0x5B98 != 0x36A8
[ydlidar_ros2_driver_node-1] [0m[0;31m[2026-05-04 00:18:28][error] Check Sum 0x04B6 != 0x4272
[ydlidar_ros2_driver_node-1] [0m[0;31m[2026-05-04 00:18:28][error] Check Sum 0x5B48 != 0x71DC
[ydlidar_ros2_driver_node-1] [0m[0;31m[2026-05-04 00:18:28][error] Check Sum 0x0D9E != 0x72E6
[ydlidar_ros2_driver_node-1] [0m[0;31m[2026-05-04 00:18:28][error] Check Sum 0x0EE6 != 0x492E
[ydlidar_ros2_driver_node-1] [0m[0;31m[2026-05-04 00:18:28][error] Check Sum 0x6160 != 0x4828
[ydlidar_ros2_driver_node-1] [0m[0;31m[2026-05-04 00:18:28][error] Check Sum 0x39B6 != 0x1B9A
[ydlidar_ros2_driver_node-1] [0m[0;31m[2026-05-04 00:18:28][error] Check Sum 0x4D77 != 0x4CE6
[ydlidar_ros2_driver_node-1] [0m[0;31m[2026-05-04 00:18:28][error] Check Sum 0x0E0A != 0x1496
[ydlidar_ros2_driver_node-1] [0m[0;31m[2026-05-04 00:18:28][error] Check Sum 0x2806 != 0x6462
[ydlidar_ros2_driver_node-1] [0m[0;31m[2026-05-04 00:18:29][error] Check Sum 0x755C != 0x3B0C
[ydlidar_ros2_driver_node-1] [0m[0;31m[2026-05-04 00:18:29][error] Check Sum 0x4EA8 != 0x6430
[ydlidar_ros2_driver_node-1] [0m[0;31m[2026-05-04 00:18:29][error] Check Sum 0x3EFE != 0x691A
[ydlidar_ros2_driver_node-1] [0m[0;31m[2026-05-04 00:18:29][error] Check Sum 0x442A != 0x20CE
[ydlidar_ros2_driver_node-1] [0m[0;31m[2026-05-04 00:18:29][error] Check Sum 0x7524 != 0x0A80
[ydlidar_ros2_driver_node-1] [0m[0;31m[2026-05-04 00:18:29][error] Check Sum 0x8E3E != 0xA0AA
[ydlidar_ros2_driver_node-1] [0m[0;31m[2026-05-04 00:18:29][error] Check Sum 0x7856 != 0x1106
[ydlidar_ros2_driver_node-1] [0m[0;31m[2026-05-04 00:18:29][error] Check Sum 0x6F52 != 0x4442
[ydlidar_ros2_driver_node-1] [0m[0;31m[2026-05-04 00:18:29][error] Check Sum 0x782C != 0x2840
[ydlidar_ros2_driver_node-1] [0m[0;31m[2026-05-04 00:18:29][error] Check Sum 0x4776 != 0x44B7
[ydlidar_ros2_driver_node-1] [0m[0;31m[2026-05-04 00:18:29][error] Check Sum 0x3C10 != 0x6C0C
[ydlidar_ros2_driver_node-1] [0m[0;31m[2026-05-04 00:18:29][error] Check Sum 0x8E9C != 0xC040
[ydlidar_ros2_driver_node-1] [0m[0;31m[2026-05-04 00:18:29][error] Check Sum 0x7948 != 0x7CB0
[ydlidar_ros2_driver_node-1] [0m[0;31m[2026-05-04 00:18:29][error] Check Sum 0x34BE != 0x4996
[ydlidar_ros2_driver_node-1] [0m[0;31m[2026-05-04 00:18:29][error] Check Sum 0x4FD2 != 0x71AA
[ydlidar_ros2_driver_node-1] [0m[0;31m[2026-05-04 00:18:30][error] Check Sum 0x6ECE != 0x0056
[ydlidar_ros2_driver_node-1] [0m[0;31m[2026-05-04 00:18:30][error] Check Sum 0x8F1E != 0x877A
[ydlidar_ros2_driver_node-1] [0m[0;31m[2026-05-04 00:18:30][error] Check Sum 0x3C7E != 0x188A
[ydlidar_ros2_driver_node-1] [0m[0;31m[2026-05-04 00:18:30][error] Check Sum 0x5D04 != 0x489C
[ydlidar_ros2_driver_node-1] [0m[0;31m[2026-05-04 00:18:30][error] Check Sum 0xD1C0 != 0x4CD0
[ydlidar_ros2_driver_node-1] [0m[0;31m[2026-05-04 00:18:30][error] Check Sum 0x0CD4 != 0x47C0
[ydlidar_ros2_driver_node-1] [0m[0;31m[2026-05-04 00:18:30][error] Check Sum 0x4FCA != 0x393A
[ydlidar_ros2_driver_node-1] [0m[0;33m[2026-05-04 00:18:30][warn] [YDLIDAR]: Real point count 835 > fixed point count 720
[ydlidar_ros2_driver_node-1] [0m[0;31m[2026-05-04 00:18:30][error] Check Sum 0x7AD8 != 0x1518
[ydlidar_ros2_driver_node-1] [0m[0;31m[2026-05-04 00:18:30][error] Check Sum 0x4378 != 0x6000
[ydlidar_ros2_driver_node-1] [0m[0;31m[2026-05-04 00:18:30][error] Check Sum 0x3EFC != 0x08A4
[ydlidar_ros2_driver_node-1] [0m[0;31m[2026-05-04 00:18:30][error] Check Sum 0x7EEE != 0x4BC2
[ydlidar_ros2_driver_node-1] [0m[0;31m[2026-05-04 00:18:30][error] Check Sum 0xC2B4 != 0xAFC1
[ydlidar_ros2_driver_node-1] [0m[0;31m[2026-05-04 00:18:30][error] Check Sum 0x0D4A != 0x54CE
[ydlidar_ros2_driver_node-1] [0m[0;31m[2026-05-04 00:18:30][error] Check Sum 0x61AA != 0x3D92
[ydlidar_ros2_driver_node-1] [0m[0;31m[2026-05-04 00:18:30][error] Check Sum 0x417A != 0x4C66
[ydlidar_ros2_driver_node-1] [0m[0;31m[2026-05-04 00:18:30][error] Check Sum 0x2D8A != 0x63FE
[ydlidar_ros2_driver_node-1] [0m[0;31m[2026-05-04 00:18:30][error] Check Sum 0x4D51 != 0x68CD
[ydlidar_ros2_driver_node-1] [0m[0;31m[2026-05-04 00:18:30][error] Check Sum 0x6EF2 != 0x2E2A
[ydlidar_ros2_driver_node-1] [0m[0;31m[2026-05-04 00:18:30][error] Check Sum 0x6FBA != 0x4143
[ydlidar_ros2_driver_node-1] [0m[0;33m[2026-05-04 00:18:31][warn] [YDLIDAR]: Real point count 785 > fixed point count 720
[ydlidar_ros2_driver_node-1] [0m[0;31m[2026-05-04 00:18:31][error] Check Sum 0x5AC2 != 0x3886
[ydlidar_ros2_driver_node-1] [0m[0;31m[2026-05-04 00:18:31][error] Check Sum 0x30F2 != 0x2EEA
[ydlidar_ros2_driver_node-1] [0m[0;31m[2026-05-04 00:18:31][error] Check Sum 0x5556 != 0x05D2
[ydlidar_ros2_driver_node-1] [0m[0;31m[2026-05-04 00:18:31][error] Check Sum 0xB0FE != 0xA8EE
[ydlidar_ros2_driver_node-1] [0m[0;31m[2026-05-04 00:18:31][error] Check Sum 0x0DBA != 0x5E96
[ydlidar_ros2_driver_node-1] [0m[0;31m[2026-05-04 00:18:31][error] Check Sum 0x3462 != 0x230A
[ydlidar_ros2_driver_node-1] [0m[0;31m[2026-05-04 00:18:31][error] Check Sum 0x8E4C != 0xCE40
[ydlidar_ros2_driver_node-1] [0m[0;31m[2026-05-04 00:18:31][error] Check Sum 0x8E78 != 0xC5D8
[ydlidar_ros2_driver_node-1] [0m[0;31m[2026-05-04 00:18:31][error] Check Sum 0x36EA != 0x5802
[ydlidar_ros2_driver_node-1] [0m[0;31m[2026-05-04 00:18:31][error] Check Sum 0x4DB8 != 0x6508
[ydlidar_ros2_driver_node-1] [0m[0;31m[2026-05-04 00:18:31][error] Check Sum 0x93CC != 0x9E88
[ydlidar_ros2_driver_node-1] [0m[0;31m[2026-05-04 00:18:31][error] Check Sum 0x4CAE != 0x464E
[ydlidar_ros2_driver_node-1] [0m[0;31m[2026-05-04 00:18:31][error] Check Sum 0x5C6E != 0x4BEB
[ydlidar_ros2_driver_node-1] [0m[0;31m[2026-05-04 00:18:31][error] Check Sum 0x3A39 != 0x4720
[ydlidar_ros2_driver_node-1] [0m[0;31m[2026-05-04 00:18:32][error] Check Sum 0x0D1C != 0x1584
[ydlidar_ros2_driver_node-1] [0m[0;31m[2026-05-04 00:18:32][error] Check Sum 0x5D66 != 0x7EFA
[ydlidar_ros2_driver_node-1] [0m[0;31m[2026-05-04 00:18:32][error] Check Sum 0xF254 != 0xA1D8
[ydlidar_ros2_driver_node-1] [0m[0;31m[2026-05-04 00:18:32][error] Check Sum 0x7B40 != 0x590C
[ydlidar_ros2_driver_node-1] [0m[0;31m[2026-05-04 00:18:32][error] Check Sum 0x3206 != 0x43BA
[ydlidar_ros2_driver_node-1] [0m[0;31m[2026-05-04 00:18:32][error] Check Sum 0x5B14 != 0x0650
[ydlidar_ros2_driver_node-1] [0m[0;31m[2026-05-04 00:18:32][error] Check Sum 0x4614 != 0x458C
[ydlidar_ros2_driver_node-1] [0m[0;31m[2026-05-04 00:18:32][error] Check Sum 0x0E56 != 0x13EA
[ydlidar_ros2_driver_node-1] [0m[0;31m[2026-05-04 00:18:32][error] Check Sum 0x7B36 != 0x4776
[ydlidar_ros2_driver_node-1] [0m[0;31m[2026-05-04 00:18:32][error] Check Sum 0x6E04 != 0x6208
[ydlidar_ros2_driver_node-1] [0m[0;31m[2026-05-04 00:18:32][error] Check Sum 0x1032 != 0x16BE
[ydlidar_ros2_driver_node-1] [0m[0;31m[2026-05-04 00:18:32][error] Check Sum 0x3450 != 0x2698
[ydlidar_ros2_driver_node-1] [0m[0;31m[2026-05-04 00:18:32][error] Check Sum 0x7B62 != 0x6BBE
[ydlidar_ros2_driver_node-1] [0m[0;31m[2026-05-04 00:18:32][error] Check Sum 0x0CF6 != 0x67C2
[ydlidar_ros2_driver_node-1] [0m[0;31m[2026-05-04 00:18:32][error] Check Sum 0x7214 != 0x61D4
[ydlidar_ros2_driver_node-1] [0m[0;31m[2026-05-04 00:18:32][error] Check Sum 0x5A16 != 0x09EE
[ydlidar_ros2_driver_node-1] [0m[0;33m[2026-05-04 00:18:32][warn] [YDLIDAR]: Real point count 1621 > fixed point count 720
[ydlidar_ros2_driver_node-1] [0m[0;31m[2026-05-04 00:18:32][error] Check Sum 0x8E7E != 0xB02A
[ydlidar_ros2_driver_node-1] [0m[0;31m[2026-05-04 00:18:32][error] Check Sum 0x6C48 != 0x158C
[ydlidar_ros2_driver_node-1] [0m[0;31m[2026-05-04 00:18:32][error] Check Sum 0xEFDB != 0x66A2
[ydlidar_ros2_driver_node-1] [0m[0;31m[2026-05-04 00:18:33][error] Check Sum 0x5B58 != 0x4750
[ydlidar_ros2_driver_node-1] [0m[0;31m[2026-05-04 00:18:33][error] Check Sum 0x6302 != 0x6EE2
[ydlidar_ros2_driver_node-1] [0m[0;31m[2026-05-04 00:18:33][error] Check Sum 0x5A5C != 0x6DB8
[ydlidar_ros2_driver_node-1] [0m[0;31m[2026-05-04 00:18:33][error] Check Sum 0x41B2 != 0x62CE
[ydlidar_ros2_driver_node-1] [0m[0;31m[2026-05-04 00:18:33][error] Check Sum 0xE550 != 0xEC44
[ydlidar_ros2_driver_node-1] [0m[0;31m[2026-05-04 00:18:33][error] Check Sum 0x3472 != 0x1ECA
[ydlidar_ros2_driver_node-1] [0m[0;31m[2026-05-04 00:18:33][error] Check Sum 0x47F0 != 0x4525
[ydlidar_ros2_driver_node-1] [0m[0;31m[2026-05-04 00:18:33][error] Check Sum 0x6F80 != 0x4954
[ydlidar_ros2_driver_node-1] [0m[0;31m[2026-05-04 00:18:33][error] Check Sum 0x47C6 != 0x430A
[ydlidar_ros2_driver_node-1] [0m[0;31m[2026-05-04 00:18:33][error] Check Sum 0x6ECA != 0x2056
[ydlidar_ros2_driver_node-1] [0m[0;31m[2026-05-04 00:18:33][error] Check Sum 0x2ED4 != 0x34A8
[ydlidar_ros2_driver_node-1] [0m[0;31m[2026-05-04 00:18:33][error] Check Sum 0x0FE8 != 0x57C0
[ydlidar_ros2_driver_node-1] [0m[0;31m[2026-05-04 00:18:33][error] Check Sum 0x54A6 != 0x3CE2
[ydlidar_ros2_driver_node-1] [0m[0;31m[2026-05-04 00:18:33][error] Check Sum 0x5C28 != 0x66D4
[ydlidar_ros2_driver_node-1] [0m[0;31m[2026-05-04 00:18:33][error] Check Sum 0x93A2 != 0x82FA
[ydlidar_ros2_driver_node-1] [0m[0;31m[2026-05-04 00:18:33][error] Check Sum 0x3524 != 0x70B8
[ydlidar_ros2_driver_node-1] [0m[0;31m[2026-05-04 00:18:34][error] Check Sum 0x3DB8 != 0x4988
[ydlidar_ros2_driver_node-1] [0m[0;31m[2026-05-04 00:18:34][error] Check Sum 0x464C != 0x5270
[ydlidar_ros2_driver_node-1] [0m[0;31m[2026-05-04 00:18:34][error] Check Sum 0x4FC8 != 0x6424
[ydlidar_ros2_driver_node-1] [0m[0;33m[2026-05-04 00:18:34][warn] [YDLIDAR]: Real point count 860 > fixed point count 720
[ydlidar_ros2_driver_node-1] [0m[0;31m[2026-05-04 00:18:34][error] Check Sum 0x8E8A != 0xB5BE
[ydlidar_ros2_driver_node-1] [0m[0;31m[2026-05-04 00:18:34][error] Check Sum 0x09B6 != 0x4316
[ydlidar_ros2_driver_node-1] [0m[0;31m[2026-05-04 00:18:34][error] Check Sum 0x5B62 != 0x6D5A
[ydlidar_ros2_driver_node-1] [0m[0;31m[2026-05-04 00:18:34][error] Check Sum 0x5DB4 != 0x6298
[ydlidar_ros2_driver_node-1] [0m[0;31m[2026-05-04 00:18:34][error] Check Sum 0x6622 != 0x4562
[ydlidar_ros2_driver_node-1] [0m[0;31m[2026-05-04 00:18:34][error] Check Sum 0x1B4C != 0x4AE0
[ydlidar_ros2_driver_node-1] [0m[0;31m[2026-05-04 00:18:34][error] Check Sum 0x6B16 != 0x7B56
[ydlidar_ros2_driver_node-1] [0m[0;31m[2026-05-04 00:18:34][error] Check Sum 0xE430 != 0xEF54
[ydlidar_ros2_driver_node-1] [0m[0;31m[2026-05-04 00:18:34][error] Check Sum 0xE42C != 0xB4D0
[ydlidar_ros2_driver_node-1] [0m[0;31m[2026-05-04 00:18:34][error] Check Sum 0x48D0 != 0x0350
[ydlidar_ros2_driver_node-1] [0m[0;31m[2026-05-04 00:18:34][error] Check Sum 0x8C98 != 0x81E5
[ydlidar_ros2_driver_node-1] [0m[0;31m[2026-05-04 00:18:34][error] Check Sum 0x4054 != 0x524D
[ydlidar_ros2_driver_node-1] [0m[0;31m[2026-05-04 00:18:34][error] Check Sum 0x5756 != 0x0F8A
[ydlidar_ros2_driver_node-1] [0m[0;31m[2026-05-04 00:18:34][error] Check Sum 0x8D6A != 0xAF32
[ydlidar_ros2_driver_node-1] [0m[0;31m[2026-05-04 00:18:34][error] Check Sum 0x76E6 != 0x0A0A
[ydlidar_ros2_driver_node-1] [0m[0;31m[2026-05-04 00:18:34][error] Check Sum 0x2CE2 != 0x05B6
[ydlidar_ros2_driver_node-1] [0m[0;31m[2026-05-04 00:18:34][error] Check Sum 0x8AE8 != 0xA6E4
[ydlidar_ros2_driver_node-1] [0m[0;31m[2026-05-04 00:18:34][error] Check Sum 0x4FFE != 0x2102
[ydlidar_ros2_driver_node-1] [0m[0;31m[2026-05-04 00:18:35][error] Check Sum 0x0D26 != 0x5DDE
[ydlidar_ros2_driver_node-1] [0m[0;31m[2026-05-04 00:18:35][error] Check Sum 0x4DB2 != 0x526A
[ydlidar_ros2_driver_node-1] [0m[0;33m[2026-05-04 00:18:35][warn] [YDLIDAR]: Real point count 1511 > fixed point count 720
[ydlidar_ros2_driver_node-1] [0m[0;31m[2026-05-04 00:18:35][error] Check Sum 0x544E != 0x396E
[ydlidar_ros2_driver_node-1] [0m[0;31m[2026-05-04 00:18:35][error] Check Sum 0x7876 != 0x1706
[ydlidar_ros2_driver_node-1] [0m[0;31m[2026-05-04 00:18:35][error] Check Sum 0x58B6 != 0x52C6
[ydlidar_ros2_driver_node-1] [0m[0;31m[2026-05-04 00:18:35][error] Check Sum 0x54EC != 0x7758
[ydlidar_ros2_driver_node-1] [0m[0;31m[2026-05-04 00:18:35][error] Check Sum 0x6A58 != 0x1579
[ydlidar_ros2_driver_node-1] [0m[0;31m[2026-05-04 00:18:35][error] Check Sum 0x6EFE != 0x0F9A
[ydlidar_ros2_driver_node-1] [0m[0;31m[2026-05-04 00:18:35][error] Check Sum 0x5A02 != 0x3EE6
[ydlidar_ros2_driver_node-1] [0m[0;31m[2026-05-04 00:18:35][error] Check Sum 0x475A != 0x61DB
[ydlidar_ros2_driver_node-1] [0m[0;31m[2026-05-04 00:18:35][error] Check Sum 0x40CC != 0x53F8
[ydlidar_ros2_driver_node-1] [0m[0;31m[2026-05-04 00:18:35][error] Check Sum 0x5A0E != 0x5D7E
[ydlidar_ros2_driver_node-1] [0m[0;31m[2026-05-04 00:18:35][error] Check Sum 0x3BA0 != 0x1B5C
[ydlidar_ros2_driver_node-1] [0m[0;33m[2026-05-04 00:18:35][warn] [YDLIDAR]: Real point count 886 > fixed point count 720
[ydlidar_ros2_driver_node-1] [0m[0;31m[2026-05-04 00:18:36][error] Check Sum 0x5506 != 0x112E
[ydlidar_ros2_driver_node-1] [0m[0;31m[2026-05-04 00:18:36][error] Check Sum 0x475A != 0x44D2
[ydlidar_ros2_driver_node-1] [0m[0;31m[2026-05-04 00:18:36][error] Check Sum 0x0228 != 0x27B0
[ydlidar_ros2_driver_node-1] [0m[0;31m[2026-05-04 00:18:36][error] Check Sum 0x8EBA != 0x93FE
[ydlidar_ros2_driver_node-1] [0m[0;31m[2026-05-04 00:18:36][error] Check Sum 0x0206 != 0x4306
[ydlidar_ros2_driver_node-1] [0m[0;31m[2026-05-04 00:18:36][error] Check Sum 0x0E06 != 0x479E
[ydlidar_ros2_driver_node-1] [0m[0;31m[2026-05-04 00:18:36][error] Check Sum 0x490E != 0x5C4E
[ydlidar_ros2_driver_node-1] [0m[0;31m[2026-05-04 00:18:36][error] Check Sum 0xE02A != 0x8E67
[ydlidar_ros2_driver_node-1] [0m[0;31m[2026-05-04 00:18:36][error] Check Sum 0x53BC != 0x5074
[ydlidar_ros2_driver_node-1] [0m[0;31m[2026-05-04 00:18:36][error] Check Sum 0x8844 != 0x0000
[ydlidar_ros2_driver_node-1] [0m[0;31m[2026-05-04 00:18:36][error] Check Sum 0x7CF6 != 0x4B9A
[ydlidar_ros2_driver_node-1] [0m[0;31m[2026-05-04 00:18:36][error] Check Sum 0x0222 != 0x6F2A
[ydlidar_ros2_driver_node-1] [0m[0;31m[2026-05-04 00:18:36][error] Check Sum 0x4826 != 0x312E
[ydlidar_ros2_driver_node-1] [0m[0;31m[2026-05-04 00:18:36][error] Check Sum 0xE442 != 0xCB52
[ydlidar_ros2_driver_node-1] [0m[0;31m[2026-05-04 00:18:36][error] Check Sum 0x6EC2 != 0x7E9A
[ydlidar_ros2_driver_node-1] [0m[0;31m[2026-05-04 00:18:36][error] Check Sum 0x3D0C != 0x19D0
[ydlidar_ros2_driver_node-1] [0m[0;31m[2026-05-04 00:18:37][error] Check Sum 0x3042 != 0x6036
[ydlidar_ros2_driver_node-1] [0m[0;31m[2026-05-04 00:18:37][error] Check Sum 0x2870 != 0x7428
[ydlidar_ros2_driver_node-1] [0m[0;31m[2026-05-04 00:18:37][error] Check Sum 0x0A96 != 0x4E3E
[ydlidar_ros2_driver_node-1] [0m[0;31m[2026-05-04 00:18:37][error] [YDLIDAR]: -1 No error
[ydlidar_ros2_driver_node-1] 
[ydlidar_ros2_driver_node-1] [31m[ERROR] [1777850317.263375620] [ydlidar_ros2_driver_node]: Failed to get scan[0m
[ydlidar_ros2_driver_node-1] [0m[0;33m[2026-05-04 00:18:37][warn] [YDLIDAR]: Real point count 2062 > fixed point count 720
[ydlidar_ros2_driver_node-1] [0m[0;31m[2026-05-04 00:18:37][error] Check Sum 0x9F48 != 0xB3B8
[ydlidar_ros2_driver_node-1] [0m[0;31m[2026-05-04 00:18:37][error] Check Sum 0x0F7A != 0x5E06
[ydlidar_ros2_driver_node-1] [0m[0;31m[2026-05-04 00:18:37][error] Check Sum 0x7B7B != 0x77DE
[ydlidar_ros2_driver_node-1] [0m[0;31m[2026-05-04 00:18:37][error] Check Sum 0x5EBC != 0x4FD0
[ydlidar_ros2_driver_node-1] [0m[0;31m[2026-05-04 00:18:37][error] Check Sum 0x0112 != 0x11DA
[ydlidar_ros2_driver_node-1] [0m[0;31m[2026-05-04 00:18:37][error] Check Sum 0x478E != 0x44CB
[ydlidar_ros2_driver_node-1] [0m[0;31m[2026-05-04 00:18:37][error] Check Sum 0x40DE != 0x6066
[ydlidar_ros2_driver_node-1] [0m[0;31m[2026-05-04 00:18:37][error] Check Sum 0xE41C != 0xC27C
[ydlidar_ros2_driver_node-1] [0m[0;31m[2026-05-04 00:18:37][error] Check Sum 0x32A4 != 0x7304
[ydlidar_ros2_driver_node-1] [0m[0;31m[2026-05-04 00:18:37][error] Check Sum 0x526A != 0x4373
[ydlidar_ros2_driver_node-1] [0m[0;31m[2026-05-04 00:18:37][error] Check Sum 0x4A68 != 0x613C
[ydlidar_ros2_driver_node-1] [0m[0;31m[2026-05-04 00:18:38][error] Check Sum 0x5D04 != 0x6251
[ydlidar_ros2_driver_node-1] [0m[0;31m[2026-05-04 00:18:38][error] Check Sum 0x6E94 != 0x74BC
[ydlidar_ros2_driver_node-1] [0m[0;31m[2026-05-04 00:18:38][error] Check Sum 0x7C86 != 0x499E
[ydlidar_ros2_driver_node-1] [0m[0;31m[2026-05-04 00:18:38][error] Check Sum 0x6CFC != 0x52E4
[ydlidar_ros2_driver_node-1] [0m[0;31m[2026-05-04 00:18:38][error] Check Sum 0x4F02 != 0x435A
[ydlidar_ros2_driver_node-1] [0m[0;31m[2026-05-04 00:18:38][error] Check Sum 0xE0BC != 0xAB40
[ydlidar_ros2_driver_node-1] [0m[0;31m[2026-05-04 00:18:38][error] Check Sum 0xFD8E != 0x0000
[ydlidar_ros2_driver_node-1] [0m[0;31m[2026-05-04 00:18:38][error] Check Sum 0xFC72 != 0x8E4E
[ydlidar_ros2_driver_node-1] [0m[0;31m[2026-05-04 00:18:38][error] Check Sum 0x6990 != 0x5E1C
[ydlidar_ros2_driver_node-1] [0m[0;31m[2026-05-04 00:18:38][error] Check Sum 0x7616 != 0x3AAA
[ydlidar_ros2_driver_node-1] [0m[0;31m[2026-05-04 00:18:38][error] Check Sum 0x3DEC != 0x47FD
[ydlidar_ros2_driver_node-1] [0m[0;31m[2026-05-04 00:18:38][error] Check Sum 0x2F80 != 0x24B0
[ydlidar_ros2_driver_node-1] [0m[0;31m[2026-05-04 00:18:38][error] Check Sum 0x6EE2 != 0x00E6
[ydlidar_ros2_driver_node-1] [0m[0;31m[2026-05-04 00:18:38][error] Check Sum 0x5A3C != 0x07E4
[ydlidar_ros2_driver_node-1] [0m[0;31m[2026-05-04 00:18:38][error] Check Sum 0x7C42 != 0x021E
[ydlidar_ros2_driver_node-1] [0m[0;31m[2026-05-04 00:18:38][error] Check Sum 0x0C2E != 0x1A7F
[ydlidar_ros2_driver_node-1] [0m[0;31m[2026-05-04 00:18:38][error] Check Sum 0x8EF2 != 0x79E2
[ydlidar_ros2_driver_node-1] [0m[0;31m[2026-05-04 00:18:38][error] Check Sum 0x8E38 != 0xA2C8
[ydlidar_ros2_driver_node-1] [0m[0;31m[2026-05-04 00:18:38][error] Check Sum 0x0D3A != 0x12CE
[ydlidar_ros2_driver_node-1] [0m[0;31m[2026-05-04 00:18:38][error] Check Sum 0x62CE != 0x492A
[ydlidar_ros2_driver_node-1] [0m[0;31m[2026-05-04 00:18:38][error] Check Sum 0x6E5E != 0x52F6
[ydlidar_ros2_driver_node-1] [0m[0;31m[2026-05-04 00:18:38][error] Check Sum 0x5C86 != 0x4A57
[ydlidar_ros2_driver_node-1] [0m[0;31m[2026-05-04 00:18:38][error] Check Sum 0x03A6 != 0x7A62
[ydlidar_ros2_driver_node-1] [0m[0;33m[2026-05-04 00:18:39][warn] [YDLIDAR]: Real point count 738 > fixed point count 720
[ydlidar_ros2_driver_node-1] [0m[0;31m[2026-05-04 00:18:39][error] Check Sum 0x8E72 != 0x8DEA
[ydlidar_ros2_driver_node-1] [0m[0;31m[2026-05-04 00:18:39][error] Check Sum 0x3B90 != 0x1E4C
[ydlidar_ros2_driver_node-1] [0m[0;31m[2026-05-04 00:18:39][error] Check Sum 0x02BE != 0x19D6
[ydlidar_ros2_driver_node-1] [0m[0;31m[2026-05-04 00:18:39][error] Check Sum 0x6ED2 != 0x0AFA
[ydlidar_ros2_driver_node-1] [0m[0;31m[2026-05-04 00:18:39][error] Check Sum 0x8C8E != 0x8ED3
[ydlidar_ros2_driver_node-1] [0m[0;31m[2026-05-04 00:18:39][error] Check Sum 0x5A28 != 0x5EF8
[ydlidar_ros2_driver_node-1] [0m[0;31m[2026-05-04 00:18:39][error] Check Sum 0x28A4 != 0x0E8D
[ydlidar_ros2_driver_node-1] [0m[0;31m[2026-05-04 00:18:39][error] Check Sum 0x375C != 0x36F8
[ydlidar_ros2_driver_node-1] [0m[0;31m[2026-05-04 00:18:39][error] Check Sum 0xB242 != 0x8286
[ydlidar_ros2_driver_node-1] [0m[0;31m[2026-05-04 00:18:39][error] Check Sum 0x097C != 0x51EC
[ydlidar_ros2_driver_node-1] [0m[0;31m[2026-05-04 00:18:39][error] Check Sum 0x7ADE != 0x5192
[ydlidar_ros2_driver_node-1] [0m[0;33m[2026-05-04 00:18:39][warn] [YDLIDAR]: Real point count 876 > fixed point count 720
[ydlidar_ros2_driver_node-1] [0m[0;31m[2026-05-04 00:18:39][error] Check Sum 0x7192 != 0x2646
[ydlidar_ros2_driver_node-1] [0m[0;31m[2026-05-04 00:18:39][error] Check Sum 0x47FC != 0x4190
[ydlidar_ros2_driver_node-1] [0m[0;31m[2026-05-04 00:18:39][error] Check Sum 0x59AE != 0x5BF2
[ydlidar_ros2_driver_node-1] [0m[0;31m[2026-05-04 00:18:39][error] Check Sum 0x60F4 != 0x7FC0
[ydlidar_ros2_driver_node-1] [0m[0;31m[2026-05-04 00:18:39][error] Check Sum 0x31F2 != 0x1D26
[ydlidar_ros2_driver_node-1] [0m[0;31m[2026-05-04 00:18:39][error] Check Sum 0x6166 != 0x459E
[ydlidar_ros2_driver_node-1] [0m[0;31m[2026-05-04 00:18:39][error] Check Sum 0x0F36 != 0x6622
[ydlidar_ros2_driver_node-1] [0m[0;31m[2026-05-04 00:18:39][error] Check Sum 0x6ECE != 0x54AA
[ydlidar_ros2_driver_node-1] [0m[0;31m[2026-05-04 00:18:40][error] Check Sum 0x6116 != 0x612E
[ydlidar_ros2_driver_node-1] [0m[0;31m[2026-05-04 00:18:40][error] Check Sum 0xD0BC != 0xCB20
[ydlidar_ros2_driver_node-1] [0m[0;31m[2026-05-04 00:18:40][error] Check Sum 0x2F8C != 0x0BEC
[ydlidar_ros2_driver_node-1] [0m[0;31m[2026-05-04 00:18:40][error] Check Sum 0x534A != 0x3ECE
[ydlidar_ros2_driver_node-1] [0m[0;31m[2026-05-04 00:18:40][error] Check Sum 0x5A52 != 0x2922
[ydlidar_ros2_driver_node-1] [0m[0;31m[2026-05-04 00:18:40][error] Check Sum 0x40B2 != 0x406B
[ydlidar_ros2_driver_node-1] [0m[0;31m[2026-05-04 00:18:40][error] Check Sum 0x6EEC != 0x415C
[ydlidar_ros2_driver_node-1] [0m[0;31m[2026-05-04 00:18:40][error] Check Sum 0x7B06 != 0x7132
[ydlidar_ros2_driver_node-1] [0m[0;31m[2026-05-04 00:18:40][error] Check Sum 0x721E != 0x1092
[ydlidar_ros2_driver_node-1] [0m[0;31m[2026-05-04 00:18:40][error] Check Sum 0x4FF6 != 0x4662
[ydlidar_ros2_driver_node-1] [0m[0;31m[2026-05-04 00:18:40][error] Check Sum 0x403E != 0x4186
[ydlidar_ros2_driver_node-1] [0m[0;31m[2026-05-04 00:18:40][error] Check Sum 0x4574 != 0x0090
[ydlidar_ros2_driver_node-1] [0m[0;31m[2026-05-04 00:18:40][error] Check Sum 0x5A98 != 0x4A1C
[ydlidar_ros2_driver_node-1] [0m[0;31m[2026-05-04 00:18:40][error] Check Sum 0x4CB2 != 0x6EFA
[ydlidar_ros2_driver_node-1] [0m[0;31m[2026-05-04 00:18:40][error] Check Sum 0x4782 != 0x6766
[ydlidar_ros2_driver_node-1] [0m[0;31m[2026-05-04 00:18:40][error] Check Sum 0x6EBC != 0x10D4
[ydlidar_ros2_driver_node-1] [0m[0;31m[2026-05-04 00:18:40][error] Check Sum 0x47D2 != 0x4442
[ydlidar_ros2_driver_node-1] [0m[0;31m[2026-05-04 00:18:41][error] Check Sum 0x2E38 != 0x08EC
[ydlidar_ros2_driver_node-1] [0m[0;31m[2026-05-04 00:18:41][error] Check Sum 0x0F08 != 0x6608
[ydlidar_ros2_driver_node-1] [0m[0;31m[2026-05-04 00:18:41][error] Check Sum 0x7A92 != 0x7266
[ydlidar_ros2_driver_node-1] [0m[0;31m[2026-05-04 00:18:41][error] Check Sum 0x2FF4 != 0x1D78
[ydlidar_ros2_driver_node-1] [0m[0;31m[2026-05-04 00:18:41][error] Check Sum 0x4012 != 0x516F
[ydlidar_ros2_driver_node-1] [0m[0;31m[2026-05-04 00:18:41][error] Check Sum 0x8C23 != 0x4811
[ydlidar_ros2_driver_node-1] [0m[0;31m[2026-05-04 00:18:41][error] Check Sum 0x559E != 0x686A
[ydlidar_ros2_driver_node-1] [0m[0;31m[2026-05-04 00:18:41][error] Check Sum 0x2964 != 0x1C30
[ydlidar_ros2_driver_node-1] [0m[0;31m[2026-05-04 00:18:41][error] Check Sum 0x6ECE != 0x339E
[ydlidar_ros2_driver_node-1] [0m[0;33m[2026-05-04 00:18:41][warn] [YDLIDAR]: Real point count 916 > fixed point count 720
[ydlidar_ros2_driver_node-1] [0m[0;31m[2026-05-04 00:18:41][error] Check Sum 0x770E != 0x5C9A
[ydlidar_ros2_driver_node-1] [0m[0;31m[2026-05-04 00:18:41][error] Check Sum 0x628C != 0x3110
[ydlidar_ros2_driver_node-1] [0m[0;31m[2026-05-04 00:18:42][error] Check Sum 0x5B58 != 0x710C
[ydlidar_ros2_driver_node-1] [0m[0;31m[2026-05-04 00:18:42][error] Check Sum 0x0B84 != 0x33A0
[ydlidar_ros2_driver_node-1] [0m[0;31m[2026-05-04 00:18:42][error] Check Sum 0x8EAE != 0xAC4E
[ydlidar_ros2_driver_node-1] [0m[0;31m[2026-05-04 00:18:42][error] Check Sum 0x6E7E != 0x66C6
[ydlidar_ros2_driver_node-1] [0m[0;31m[2026-05-04 00:18:42][error] Check Sum 0xF58A != 0xEC36
[ydlidar_ros2_driver_node-1] [0m[0;31m[2026-05-04 00:18:42][error] Check Sum 0x440C != 0x535C
[ydlidar_ros2_driver_node-1] [0m[0;31m[2026-05-04 00:18:42][error] Check Sum 0x661E != 0x325A
[ydlidar_ros2_driver_node-1] [0m[0;31m[2026-05-04 00:18:42][error] Check Sum 0x61DE != 0x419E
[ydlidar_ros2_driver_node-1] [0m[0;31m[2026-05-04 00:18:42][error] Check Sum 0xD0CC != 0x9CB0
[ydlidar_ros2_driver_node-1] [0m[0;31m[2026-05-04 00:18:42][error] Check Sum 0xE59E != 0x9F16
[ydlidar_ros2_driver_node-1] [0m[0;31m[2026-05-04 00:18:42][error] Check Sum 0x7AA2 != 0x41F2
[ydlidar_ros2_driver_node-1] [0m[0;31m[2026-05-04 00:18:42][error] Check Sum 0x2A52 != 0x7F92
[ydlidar_ros2_driver_node-1] [0m[0;31m[2026-05-04 00:18:43][error] Check Sum 0x1CFE != 0x3FC6
[ydlidar_ros2_driver_node-1] [0m[0;31m[2026-05-04 00:18:43][error] Check Sum 0x70BA != 0x1B6E
[ydlidar_ros2_driver_node-1] [0m[0;31m[2026-05-04 00:18:43][error] Check Sum 0x357A != 0x1FD3
[ydlidar_ros2_driver_node-1] [0m[0;33m[2026-05-04 00:18:43][warn] [YDLIDAR]: Real point count 861 > fixed point count 720
[ydlidar_ros2_driver_node-1] [0m[0;31m[2026-05-04 00:18:43][error] Check Sum 0x2F48 != 0x5250
[ydlidar_ros2_driver_node-1] [0m[0;31m[2026-05-04 00:18:43][error] Check Sum 0x5C18 != 0x6130
[ydlidar_ros2_driver_node-1] [0m[0;31m[2026-05-04 00:18:43][error] Check Sum 0x2A0C != 0x47A4
[ydlidar_ros2_driver_node-1] [0m[0;31m[2026-05-04 00:18:43][error] Check Sum 0x9002 != 0x9406
[ydlidar_ros2_driver_node-1] [0m[0;31m[2026-05-04 00:18:43][error] Check Sum 0x4F84 != 0x0278
[ydlidar_ros2_driver_node-1] [0m[0;31m[2026-05-04 00:18:43][error] Check Sum 0x4726 != 0x6747
[ydlidar_ros2_driver_node-1] [0m[0;31m[2026-05-04 00:18:43][error] Check Sum 0x6EC6 != 0x14E2
[ydlidar_ros2_driver_node-1] [0m[0;31m[2026-05-04 00:18:43][error] Check Sum 0x5B04 != 0x5830
[ydlidar_ros2_driver_node-1] [0m[0;31m[2026-05-04 00:18:43][error] Check Sum 0x176C != 0x3AC4
[ydlidar_ros2_driver_node-1] [0m[0;31m[2026-05-04 00:18:43][error] Check Sum 0x936E != 0x829B
[ydlidar_ros2_driver_node-1] [0m[0;31m[2026-05-04 00:18:44][error] Check Sum 0x3594 != 0x2724
[ydlidar_ros2_driver_node-1] [0m[0;31m[2026-05-04 00:18:44][error] Check Sum 0x73D6 != 0x6173
[ydlidar_ros2_driver_node-1] [0m[0;33m[2026-05-04 00:18:44][warn] [YDLIDAR]: Real point count 792 > fixed point count 720
[ydlidar_ros2_driver_node-1] [0m[0;31m[2026-05-04 00:18:44][error] Check Sum 0x02A6 != 0x45F6
[ydlidar_ros2_driver_node-1] [0m[0;31m[2026-05-04 00:18:44][error] Check Sum 0x8FF8 != 0xE3D8
[ydlidar_ros2_driver_node-1] [0m[0;31m[2026-05-04 00:18:44][error] Check Sum 0x50A8 != 0x4CA4
[ydlidar_ros2_driver_node-1] [0m[0;31m[2026-05-04 00:18:44][error] Check Sum 0x69BA != 0x257A
[ydlidar_ros2_driver_node-1] [0m[0;31m[2026-05-04 00:18:44][error] Check Sum 0x0D06 != 0x69E2
[ydlidar_ros2_driver_node-1] [0m[0;31m[2026-05-04 00:18:44][error] Check Sum 0x52B0 != 0x3ED0
[ydlidar_ros2_driver_node-1] [0m[0;31m[2026-05-04 00:18:44][error] Check Sum 0x49E0 != 0x5008
[ydlidar_ros2_driver_node-1] [0m[0;31m[2026-05-04 00:18:44][error] Check Sum 0x5B28 != 0x536C
[ydlidar_ros2_driver_node-1] [0m[0;31m[2026-05-04 00:18:44][error] Check Sum 0x2F6E != 0x6D22
[ydlidar_ros2_driver_node-1] [0m[0;31m[2026-05-04 00:18:44][error] Check Sum 0x4AD6 != 0x7EE6
[ydlidar_ros2_driver_node-1] [0m[0;31m[2026-05-04 00:18:44][error] Check Sum 0x6D5C != 0x5E9C
[ydlidar_ros2_driver_node-1] [0m[0;31m[2026-05-04 00:18:45][error] Check Sum 0x6972 != 0x4BD6
[ydlidar_ros2_driver_node-1] [0m[0;31m[2026-05-04 00:18:45][error] Check Sum 0x6AAC != 0x1864
[ydlidar_ros2_driver_node-1] [0m[0;33m[2026-05-04 00:18:45][warn] [YDLIDAR]: Real point count 927 > fixed point count 720
[ydlidar_ros2_driver_node-1] [0m[0;31m[2026-05-04 00:18:45][error] Check Sum 0x561A != 0x3862
[ydlidar_ros2_driver_node-1] [0m[0;31m[2026-05-04 00:18:45][error] Check Sum 0x0F90 != 0x7E8C
[ydlidar_ros2_driver_node-1] [0m[0;31m[2026-05-04 00:18:45][error] Check Sum 0x1F6A != 0x481E
[ydlidar_ros2_driver_node-1] [0m[0;31m[2026-05-04 00:18:45][error] Check Sum 0x5972 != 0x2986
[ydlidar_ros2_driver_node-1] [0m[0;31m[2026-05-04 00:18:45][error] Check Sum 0x54A8 != 0x6EF4
[ydlidar_ros2_driver_node-1] [0m[0;31m[2026-05-04 00:18:45][error] Check Sum 0xC29A != 0x8266
[ydlidar_ros2_driver_node-1] [0m[0;31m[2026-05-04 00:18:45][error] Check Sum 0x6932 != 0x3C02
[ydlidar_ros2_driver_node-1] [0m[0;31m[2026-05-04 00:18:45][error] Check Sum 0x5C20 != 0x4F6C
[ydlidar_ros2_driver_node-1] [0m[0;31m[2026-05-04 00:18:45][error] Check Sum 0x0DDE != 0x2BBE
[ydlidar_ros2_driver_node-1] [0m[0;31m[2026-05-04 00:18:45][error] Check Sum 0x76BA != 0x6E86
[ydlidar_ros2_driver_node-1] [0m[0;31m[2026-05-04 00:18:45][error] Check Sum 0x5578 != 0x0A54
[ydlidar_ros2_driver_node-1] [0m[0;31m[2026-05-04 00:18:45][error] Check Sum 0x5DF6 != 0x638A
[ydlidar_ros2_driver_node-1] [0m[0;31m[2026-05-04 00:18:45][error] Check Sum 0xA774 != 0xA839
[ydlidar_ros2_driver_node-1] [0m[0;31m[2026-05-04 00:18:45][error] Check Sum 0x2D5E != 0x39A2
[ydlidar_ros2_driver_node-1] [0m[0;31m[2026-05-04 00:18:45][error] Check Sum 0x260A != 0x30D2
[ydlidar_ros2_driver_node-1] [0m[0;31m[2026-05-04 00:18:45][error] Check Sum 0x7910 != 0x18C4
[ydlidar_ros2_driver_node-1] [0m[0;31m[2026-05-04 00:18:45][error] Check Sum 0x0B2E != 0x7002
[ydlidar_ros2_driver_node-1] [0m[0;31m[2026-05-04 00:18:45][error] Check Sum 0x6B54 != 0x4BE0
[ydlidar_ros2_driver_node-1] [0m[0;31m[2026-05-04 00:18:46][error] Check Sum 0x0DC2 != 0x4526
[ydlidar_ros2_driver_node-1] [0m[0;31m[2026-05-04 00:18:46][error] Check Sum 0x49EA != 0x17A6
[ydlidar_ros2_driver_node-1] [0m[0;31m[2026-05-04 00:18:46][error] Check Sum 0x3588 != 0x203C
[ydlidar_ros2_driver_node-1] [0m[0;31m[2026-05-04 00:18:46][error] Check Sum 0x479E != 0x466E
[ydlidar_ros2_driver_node-1] [0m[0;31m[2026-05-04 00:18:46][error] Check Sum 0x4FD2 != 0x0026
[ydlidar_ros2_driver_node-1] [0m[0;31m[2026-05-04 00:18:46][error] Check Sum 0x2F32 != 0x05A6
[ydlidar_ros2_driver_node-1] [0m[0;31m[2026-05-04 00:18:46][error] Check Sum 0x483C != 0x3D10
[ydlidar_ros2_driver_node-1] [0m[0;31m[2026-05-04 00:18:46][error] Check Sum 0x4370 != 0x4BEC
[ydlidar_ros2_driver_node-1] [0m[0;31m[2026-05-04 00:18:46][error] Check Sum 0x0F62 != 0x2A82
[ydlidar_ros2_driver_node-1] [0m[0;31m[2026-05-04 00:18:46][error] Check Sum 0x152A != 0x6222
[ydlidar_ros2_driver_node-1] [0m[0;31m[2026-05-04 00:18:46][error] Check Sum 0x5A8C != 0x6B40
[ydlidar_ros2_driver_node-1] [0m[0;31m[2026-05-04 00:18:46][error] Check Sum 0x6773 != 0x703E
[ydlidar_ros2_driver_node-1] [0m[0;31m[2026-05-04 00:18:46][error] Check Sum 0x6DF2 != 0x1CC2
[ydlidar_ros2_driver_node-1] [0m[0;31m[2026-05-04 00:18:46][error] Check Sum 0x1F88 != 0x0AFC
[ydlidar_ros2_driver_node-1] [0m[0;33m[2026-05-04 00:18:46][warn] [YDLIDAR]: Real point count 1413 > fixed point count 720
[ydlidar_ros2_driver_node-1] [0m[0;31m[2026-05-04 00:18:46][error] Check Sum 0x6ECE != 0x4E4A
[ydlidar_ros2_driver_node-1] [0m[0;31m[2026-05-04 00:18:47][error] Check Sum 0x4F84 != 0x49E0
[ydlidar_ros2_driver_node-1] [0m[0;31m[2026-05-04 00:18:47][error] Check Sum 0x732E != 0x5F5A
[ydlidar_ros2_driver_node-1] [0m[0;31m[2026-05-04 00:18:47][error] Check Sum 0x5B10 != 0x4750
[ydlidar_ros2_driver_node-1] [0m[0;31m[2026-05-04 00:18:47][error] Check Sum 0x4AA0 != 0x2780
[ydlidar_ros2_driver_node-1] [0m[0;31m[2026-05-04 00:18:47][error] Check Sum 0x0E10 != 0x1688
[ydlidar_ros2_driver_node-1] [0m[0;33m[2026-05-04 00:18:47][warn] [YDLIDAR]: Real point count 761 > fixed point count 720
[ydlidar_ros2_driver_node-1] [0m[0;31m[2026-05-04 00:18:47][error] Check Sum 0x0FC4 != 0x727C
[ydlidar_ros2_driver_node-1] [0m[0;31m[2026-05-04 00:18:47][error] Check Sum 0x4F92 != 0x0F32
[ydlidar_ros2_driver_node-1] [0m[0;31m[2026-05-04 00:18:47][error] Check Sum 0x973E != 0xABBE
[ydlidar_ros2_driver_node-1] [0m[0;31m[2026-05-04 00:18:47][error] Check Sum 0x0D5A != 0x0BCA
[ydlidar_ros2_driver_node-1] [0m[0;31m[2026-05-04 00:18:47][error] Check Sum 0xF40C != 0xEF9D
[ydlidar_ros2_driver_node-1] [0m[0;31m[2026-05-04 00:18:47][error] Check Sum 0x28E4 != 0x762C
[ydlidar_ros2_driver_node-1] [0m[0;31m[2026-05-04 00:18:47][error] Check Sum 0x8D58 != 0x84A4
[ydlidar_ros2_driver_node-1] [0m[0;31m[2026-05-04 00:18:47][error] Check Sum 0x5A60 != 0x362C
[ydlidar_ros2_driver_node-1] [0m[0;31m[2026-05-04 00:18:47][error] Check Sum 0x5A40 != 0x0788
[ydlidar_ros2_driver_node-1] [0m[0;31m[2026-05-04 00:18:47][error] Check Sum 0x781C != 0x14C8
[ydlidar_ros2_driver_node-1] [0m[0;31m[2026-05-04 00:18:47][error] Check Sum 0x4AA0 != 0x7B80
[ydlidar_ros2_driver_node-1] [0m[0;31m[2026-05-04 00:18:47][error] Check Sum 0x1DF1 != 0x2B6C
[ydlidar_ros2_driver_node-1] [0m[0;31m[2026-05-04 00:18:47][error] Check Sum 0x2F26 != 0x0282
[ydlidar_ros2_driver_node-1] [0m[0;31m[2026-05-04 00:18:48][error] Check Sum 0x96F6 != 0xA562
[ydlidar_ros2_driver_node-1] [0m[0;31m[2026-05-04 00:18:48][error] Check Sum 0x673A != 0x50F6
[ydlidar_ros2_driver_node-1] [0m[0;31m[2026-05-04 00:18:48][error] Check Sum 0x52AC != 0x4E90
[ydlidar_ros2_driver_node-1] [0m[0;31m[2026-05-04 00:18:48][error] Check Sum 0x6776 != 0x4932
[ydlidar_ros2_driver_node-1] [0m[0;31m[2026-05-04 00:18:48][error] Check Sum 0x4DEA != 0x70DA
[ydlidar_ros2_driver_node-1] [0m[0;31m[2026-05-04 00:18:48][error] Check Sum 0xC61E != 0xAB93
[ydlidar_ros2_driver_node-1] [0m[0;31m[2026-05-04 00:18:48][error] Check Sum 0xE4F0 != 0xE450
[ydlidar_ros2_driver_node-1] [0m[0;31m[2026-05-04 00:18:48][error] Check Sum 0xC2B6 != 0xAB43
[ydlidar_ros2_driver_node-1] [0m[0;31m[2026-05-04 00:18:48][error] Check Sum 0xD168 != 0xD1C8
[ydlidar_ros2_driver_node-1] [0m[0;31m[2026-05-04 00:18:48][error] Check Sum 0x29D7 != 0x25B3
[ydlidar_ros2_driver_node-1] [0m[0;31m[2026-05-04 00:18:48][error] Check Sum 0x40B0 != 0x43C4
[ydlidar_ros2_driver_node-1] [0m[0;33m[2026-05-04 00:18:48][warn] Current pack point count 99 too big
[ydlidar_ros2_driver_node-1] [0m[0;31m[2026-05-04 00:18:48][error] Check Sum 0x49AE != 0x4AC6
[ydlidar_ros2_driver_node-1] [0m[0;31m[2026-05-04 00:18:48][error] Check Sum 0x435C != 0x01C4
[ydlidar_ros2_driver_node-1] [0m[0;31m[2026-05-04 00:18:48][error] Check Sum 0x32A8 != 0x374C
[ydlidar_ros2_driver_node-1] [0m[0;31m[2026-05-04 00:18:48][error] Check Sum 0x7812 != 0x28F2
[ydlidar_ros2_driver_node-1] [0m[0;31m[2026-05-04 00:18:49][error] Check Sum 0x2C94 != 0x18D8
[ydlidar_ros2_driver_node-1] [0m[0;31m[2026-05-04 00:18:49][error] Check Sum 0x7918 != 0x33E8
[ydlidar_ros2_driver_node-1] [0m[0;31m[2026-05-04 00:18:49][error] Check Sum 0x3F20 != 0x4498
[ydlidar_ros2_driver_node-1] [0m[0;31m[2026-05-04 00:18:49][error] Check Sum 0x341C != 0x0EB0
[ydlidar_ros2_driver_node-1] [0m[0;31m[2026-05-04 00:18:49][error] Check Sum 0x62C0 != 0x3BE0
[ydlidar_ros2_driver_node-1] [0m[0;31m[2026-05-04 00:18:49][error] Check Sum 0x6CBA != 0x0553
[ydlidar_ros2_driver_node-1] [0m[0;31m[2026-05-04 00:18:49][error] Check Sum 0x4A64 != 0x1785
[ydlidar_ros2_driver_node-1] [0m[0;31m[2026-05-04 00:18:49][error] Check Sum 0x8EBC != 0xBF00
[ydlidar_ros2_driver_node-1] [0m[0;31m[2026-05-04 00:18:49][error] Check Sum 0x3C5A != 0x1E37
[ydlidar_ros2_driver_node-1] [0m[0;31m[2026-05-04 00:18:49][error] Check Sum 0x262C != 0x590C
[ydlidar_ros2_driver_node-1] [0m[0;31m[2026-05-04 00:18:50][error] Check Sum 0x0D02 != 0x4C7A
[ydlidar_ros2_driver_node-1] [0m[0;31m[2026-05-04 00:18:50][error] Check Sum 0x7838 != 0x012C
[ydlidar_ros2_driver_node-1] [0m[0;31m[2026-05-04 00:18:50][error] Check Sum 0x6794 != 0x1264
[ydlidar_ros2_driver_node-1] [0m[0;31m[2026-05-04 00:18:50][error] Check Sum 0x5C50 != 0x7B3C
[ydlidar_ros2_driver_node-1] [0m[0;31m[2026-05-04 00:18:50][error] Check Sum 0xDD90 != 0xABF8
[ydlidar_ros2_driver_node-1] [0m[0;31m[2026-05-04 00:18:50][error] Check Sum 0x5414 != 0x61C4
[ydlidar_ros2_driver_node-1] [0m[0;31m[2026-05-04 00:18:50][error] Check Sum 0x6B34 != 0x4690
[ydlidar_ros2_driver_node-1] [0m[0;31m[2026-05-04 00:18:50][error] Check Sum 0x6DB2 != 0x34FE
[ydlidar_ros2_driver_node-1] [0m[0;33m[2026-05-04 00:18:50][warn] [YDLIDAR]: Real point count 818 > fixed point count 720
[ydlidar_ros2_driver_node-1] [0m[0;31m[2026-05-04 00:18:50][error] Check Sum 0x8E60 != 0xC1B4
[ydlidar_ros2_driver_node-1] [0m[0;31m[2026-05-04 00:18:50][error] Check Sum 0x7910 != 0x3320
[ydlidar_ros2_driver_node-1] [0m[0;31m[2026-05-04 00:18:50][error] Check Sum 0x471A != 0x6056
[ydlidar_ros2_driver_node-1] [0m[0;31m[2026-05-04 00:18:50][error] Check Sum 0x7B58 != 0x42F4
[ydlidar_ros2_driver_node-1] [0m[0;31m[2026-05-04 00:18:50][error] Check Sum 0x7934 != 0x57CC
[ydlidar_ros2_driver_node-1] [0m[0;31m[2026-05-04 00:18:50][error] Check Sum 0x7B13 != 0x42B2
[ydlidar_ros2_driver_node-1] [0m[0;31m[2026-05-04 00:18:51][error] Check Sum 0x0CC6 != 0x0906
[ydlidar_ros2_driver_node-1] [0m[0;31m[2026-05-04 00:18:51][error] Check Sum 0x4DB2 != 0x63A2
[ydlidar_ros2_driver_node-1] [0m[0;31m[2026-05-04 00:18:51][error] Check Sum 0x8ECA != 0xAC36
[ydlidar_ros2_driver_node-1] [0m[0;31m[2026-05-04 00:18:51][error] Check Sum 0x1C46 != 0x3F4E
[ydlidar_ros2_driver_node-1] [0m[0;31m[2026-05-04 00:18:51][error] Check Sum 0x6EEC != 0x41B8
[ydlidar_ros2_driver_node-1] [0m[0;31m[2026-05-04 00:18:51][error] Check Sum 0x24C2 != 0x3816
[ydlidar_ros2_driver_node-1] [0m[0;31m[2026-05-04 00:18:51][error] Check Sum 0x211E != 0x6067
[ydlidar_ros2_driver_node-1] [0m[0;31m[2026-05-04 00:18:51][error] Check Sum 0x4D5A != 0x1F56
[ydlidar_ros2_driver_node-1] [0m[0;31m[2026-05-04 00:18:51][error] Check Sum 0x7C3B != 0x478E
[ydlidar_ros2_driver_node-1] [0m[0;31m[2026-05-04 00:18:51][error] Check Sum 0x02AA != 0x29F2
[ydlidar_ros2_driver_node-1] [0m[0;31m[2026-05-04 00:18:51][error] Check Sum 0x2F6A != 0x01F6
[ydlidar_ros2_driver_node-1] [0m[0;31m[2026-05-04 00:18:51][error] Check Sum 0x5C96 != 0x45DA
[ydlidar_ros2_driver_node-1] [0m[0;31m[2026-05-04 00:18:51][error] Check Sum 0x7B43 != 0x7356
[ydlidar_ros2_driver_node-1] [0m[0;31m[2026-05-04 00:18:51][error] Check Sum 0x6E86 != 0x62AE
[ydlidar_ros2_driver_node-1] [0m[0;31m[2026-05-04 00:18:51][error] Check Sum 0x05E4 != 0x28BC
[ydlidar_ros2_driver_node-1] [0m[0;31m[2026-05-04 00:18:51][error] Check Sum 0x7868 != 0x6218
[ydlidar_ros2_driver_node-1] [0m[0;31m[2026-05-04 00:18:52][error] Check Sum 0xAF0A != 0xAB9A
[ydlidar_ros2_driver_node-1] [0m[0;31m[2026-05-04 00:18:52][error] Check Sum 0x8E24 != 0xADDC
[ydlidar_ros2_driver_node-1] [0m[0;31m[2026-05-04 00:18:52][error] Check Sum 0xF17D != 0x8E00
[ydlidar_ros2_driver_node-1] [0m[0;31m[2026-05-04 00:18:52][error] Check Sum 0x5654 != 0x55B4
[ydlidar_ros2_driver_node-1] [0m[0;31m[2026-05-04 00:18:52][error] Check Sum 0x795C != 0x0871
[ydlidar_ros2_driver_node-1] [0m[0;31m[2026-05-04 00:18:52][error] Check Sum 0x6622 != 0x6ECA
[ydlidar_ros2_driver_node-1] [0m[0;31m[2026-05-04 00:18:52][error] Check Sum 0x7900 != 0x1184
[ydlidar_ros2_driver_node-1] [0m[0;31m[2026-05-04 00:18:52][error] Check Sum 0x2FBE != 0x0D02
[ydlidar_ros2_driver_node-1] [0m[0;31m[2026-05-04 00:18:52][error] Check Sum 0x282E != 0x1AA7
[ydlidar_ros2_driver_node-1] [0m[0;31m[2026-05-04 00:18:52][error] Check Sum 0x8FD2 != 0xA526
[ydlidar_ros2_driver_node-1] [0m[0;31m[2026-05-04 00:18:52][error] Check Sum 0x4DB4 != 0x5C4C
[ydlidar_ros2_driver_node-1] [0m[0;31m[2026-05-04 00:18:52][error] Check Sum 0x00AA != 0x343A
[ydlidar_ros2_driver_node-1] [0m[0;31m[2026-05-04 00:18:52][error] Check Sum 0x48CC != 0x1E94
[ydlidar_ros2_driver_node-1] [0m[0;31m[2026-05-04 00:18:52][error] Check Sum 0x5C9E != 0x577A
[ydlidar_ros2_driver_node-1] [0m[0;31m[2026-05-04 00:18:52][error] Check Sum 0x6E2E != 0x506E
[ydlidar_ros2_driver_node-1] [0m[0;31m[2026-05-04 00:18:52][error] Check Sum 0x05E0 != 0x23A8
[ydlidar_ros2_driver_node-1] [0m[0;31m[2026-05-04 00:18:52][error] Check Sum 0x67C6 != 0x5032
[ydlidar_ros2_driver_node-1] [0m[0;31m[2026-05-04 00:18:52][error] Check Sum 0x672A != 0x123E
[ydlidar_ros2_driver_node-1] [0m[0;31m[2026-05-04 00:18:52][error] Check Sum 0x322A != 0x217E
[ydlidar_ros2_driver_node-1] [0m[0;31m[2026-05-04 00:18:53][error] Check Sum 0x4E09 != 0x5AB8
[ydlidar_ros2_driver_node-1] [0m[0;31m[2026-05-04 00:18:53][error] Check Sum 0xC2A6 != 0xAB46
[ydlidar_ros2_driver_node-1] [0m[0;33m[2026-05-04 00:18:53][warn] [YDLIDAR]: Real point count 1040 > fixed point count 720
[ydlidar_ros2_driver_node-1] [0m[0;31m[2026-05-04 00:18:53][error] Check Sum 0x8E66 != 0xD25A
[ydlidar_ros2_driver_node-1] [0m[0;31m[2026-05-04 00:18:53][error] Check Sum 0x0D22 != 0x4236
[ydlidar_ros2_driver_node-1] [0m[0;31m[2026-05-04 00:18:53][error] Check Sum 0x0E20 != 0x3B14
[ydlidar_ros2_driver_node-1] [0m[0;31m[2026-05-04 00:18:53][error] Check Sum 0x2CF8 != 0x5DC8
[ydlidar_ros2_driver_node-1] [0m[0;31m[2026-05-04 00:18:53][error] Check Sum 0x69AE != 0x67FE
[ydlidar_ros2_driver_node-1] [0m[0;31m[2026-05-04 00:18:53][error] Check Sum 0x47E6 != 0x6BBF
[ydlidar_ros2_driver_node-1] [0m[0;31m[2026-05-04 00:18:53][error] Check Sum 0x3050 != 0x65B4
[ydlidar_ros2_driver_node-1] [0m[0;31m[2026-05-04 00:18:53][error] Check Sum 0x4DE2 != 0x6642
[ydlidar_ros2_driver_node-1] [0m[0;31m[2026-05-04 00:18:53][error] Check Sum 0xDD7E != 0xAFB7
[ydlidar_ros2_driver_node-1] [0m[0;33m[2026-05-04 00:18:53][warn] [YDLIDAR]: Real point count 781 > fixed point count 720
[ydlidar_ros2_driver_node-1] [0m[0;31m[2026-05-04 00:18:53][error] Check Sum 0x0FB6 != 0x6DE2
[ydlidar_ros2_driver_node-1] [0m[0;31m[2026-05-04 00:18:53][error] Check Sum 0x71C4 != 0x5828
[ydlidar_ros2_driver_node-1] [0m[0;31m[2026-05-04 00:18:53][error] Check Sum 0x78BC != 0x046C
[ydlidar_ros2_driver_node-1] [0m[0;31m[2026-05-04 00:18:53][error] Check Sum 0x8F22 != 0x9C4E
[ydlidar_ros2_driver_node-1] [0m[0;31m[2026-05-04 00:18:53][error] Check Sum 0x5423 != 0x069D
[ydlidar_ros2_driver_node-1] [0m[0;31m[2026-05-04 00:18:53][error] Check Sum 0x4DBE != 0x6B4E
[ydlidar_ros2_driver_node-1] [0m[0;31m[2026-05-04 00:18:53][error] Check Sum 0x2E94 != 0x1B08
[ydlidar_ros2_driver_node-1] [0m[0;31m[2026-05-04 00:18:54][error] Check Sum 0x0B8C != 0x3200
[ydlidar_ros2_driver_node-1] [0m[0;31m[2026-05-04 00:18:54][error] Check Sum 0x739A != 0x45F6
[ydlidar_ros2_driver_node-1] [0m[0;31m[2026-05-04 00:18:54][error] Check Sum 0x3208 != 0x1EEC
[ydlidar_ros2_driver_node-1] [0m[0;31m[2026-05-04 00:18:54][error] Check Sum 0x7933 != 0x70E2
[ydlidar_ros2_driver_node-1] [0m[0;31m[2026-05-04 00:18:54][error] Check Sum 0xE23C != 0x14A6
[ydlidar_ros2_driver_node-1] [0m[0;31m[2026-05-04 00:18:54][error] Check Sum 0x0F06 != 0x09B2
[ydlidar_ros2_driver_node-1] [0m[0;31m[2026-05-04 00:18:54][error] Check Sum 0x5B70 != 0x4420
[ydlidar_ros2_driver_node-1] [0m[0;33m[2026-05-04 00:18:54][warn] [YDLIDAR]: Real point count 878 > fixed point count 720
[ydlidar_ros2_driver_node-1] [0m[0;31m[2026-05-04 00:18:54][error] Check Sum 0x6F94 != 0x09A8
[ydlidar_ros2_driver_node-1] [0m[0;31m[2026-05-04 00:18:54][error] Check Sum 0x6EC2 != 0x5602
[ydlidar_ros2_driver_node-1] [0m[0;31m[2026-05-04 00:18:54][error] Check Sum 0x5892 != 0x083E
[ydlidar_ros2_driver_node-1] [0m[0;31m[2026-05-04 00:18:54][error] Check Sum 0xD274 != 0x0536
[ydlidar_ros2_driver_node-1] [0m[0;31m[2026-05-04 00:18:54][error] Check Sum 0x4F1A != 0x46AA
[ydlidar_ros2_driver_node-1] [0m[0;31m[2026-05-04 00:18:54][error] Check Sum 0x563C != 0x0D01
[ydlidar_ros2_driver_node-1] [0m[0;31m[2026-05-04 00:18:54][error] Check Sum 0x7B63 != 0x6AD6
[ydlidar_ros2_driver_node-1] [0m[0;31m[2026-05-04 00:18:54][error] Check Sum 0x6916 != 0x6A1E
[ydlidar_ros2_driver_node-1] [0m[0;31m[2026-05-04 00:18:54][error] Check Sum 0x02E8 != 0x45D8
[ydlidar_ros2_driver_node-1] [0m[0;31m[2026-05-04 00:18:54][error] Check Sum 0xD050 != 0xF634
[ydlidar_ros2_driver_node-1] [0m[0;31m[2026-05-04 00:18:54][error] Check Sum 0x4F86 != 0x472A
[ydlidar_ros2_driver_node-1] [0m[0;31m[2026-05-04 00:18:55][error] Check Sum 0x8EA8 != 0xE1C0
[ydlidar_ros2_driver_node-1] [0m[0;31m[2026-05-04 00:18:55][error] Check Sum 0x2428 != 0x73F0
[ydlidar_ros2_driver_node-1] [0m[0;31m[2026-05-04 00:18:55][error] Check Sum 0x9146 != 0x9D7A
[ydlidar_ros2_driver_node-1] [0m[0;31m[2026-05-04 00:18:55][error] Check Sum 0x33B2 != 0x0EE3
[ydlidar_ros2_driver_node-1] [0m[0;31m[2026-05-04 00:18:55][error] Check Sum 0x031A != 0x02AA
[ydlidar_ros2_driver_node-1] [0m[0;31m[2026-05-04 00:18:55][error] Check Sum 0x6894 != 0x42AD
[ydlidar_ros2_driver_node-1] [0m[0;31m[2026-05-04 00:18:55][error] Check Sum 0x404E != 0x111E
[ydlidar_ros2_driver_node-1] [0m[0;31m[2026-05-04 00:18:55][error] Check Sum 0x790E != 0x08FE
[ydlidar_ros2_driver_node-1] [0m[0;31m[2026-05-04 00:18:55][error] Check Sum 0x7AD0 != 0x6B18
[ydlidar_ros2_driver_node-1] [0m[0;31m[2026-05-04 00:18:55][error] Check Sum 0x6ECE != 0x4F42
[ydlidar_ros2_driver_node-1] [0m[0;31m[2026-05-04 00:18:55][error] Check Sum 0x33B6 != 0x254A
[ydlidar_ros2_driver_node-1] [0m[0;31m[2026-05-04 00:18:55][error] Check Sum 0xC23C != 0xEF20
[ydlidar_ros2_driver_node-1] [0m[0;31m[2026-05-04 00:18:56][error] Check Sum 0x7866 != 0x66B2
[ydlidar_ros2_driver_node-1] [0m[0;31m[2026-05-04 00:18:56][error] Check Sum 0x6B28 != 0x5D00
[ydlidar_ros2_driver_node-1] [0m[0;31m[2026-05-04 00:18:56][error] Check Sum 0x5032 != 0x2442
[ydlidar_ros2_driver_node-1] [0m[0;31m[2026-05-04 00:18:56][error] Check Sum 0x2CF0 != 0x6450
[ydlidar_ros2_driver_node-1] [0m[0;31m[2026-05-04 00:18:56][error] Check Sum 0x14C5 != 0x1540
[ydlidar_ros2_driver_node-1] [0m[0;31m[2026-05-04 00:18:56][error] Check Sum 0x46AE != 0x3826
[ydlidar_ros2_driver_node-1] [0m[0;31m[2026-05-04 00:18:56][error] Check Sum 0x7BE6 != 0x1016
[ydlidar_ros2_driver_node-1] [0m[0;31m[2026-05-04 00:18:56][error] Check Sum 0x7A3A != 0x7D2E
[ydlidar_ros2_driver_node-1] [0m[0;31m[2026-05-04 00:18:56][error] Check Sum 0x5B88 != 0x0B45
[ydlidar_ros2_driver_node-1] [0m[0;31m[2026-05-04 00:18:56][error] Check Sum 0x31CE != 0x443A
[ydlidar_ros2_driver_node-1] [0m[0;31m[2026-05-04 00:18:56][error] Check Sum 0x3496 != 0x1927
[ydlidar_ros2_driver_node-1] [0m[0;31m[2026-05-04 00:18:56][error] Check Sum 0x7B8E != 0x4C42
[ydlidar_ros2_driver_node-1] [0m[0;31m[2026-05-04 00:18:56][error] Check Sum 0x4FF0 != 0x7910
[ydlidar_ros2_driver_node-1] [0m[0;31m[2026-05-04 00:18:56][error] Check Sum 0x8E34 != 0xFFD4
[ydlidar_ros2_driver_node-1] [0m[0;31m[2026-05-04 00:18:57][error] Check Sum 0x0502 != 0x3A4A
[ydlidar_ros2_driver_node-1] [0m[0;31m[2026-05-04 00:18:57][error] Check Sum 0x78C8 != 0x05C0
[ydlidar_ros2_driver_node-1] [0m[0;31m[2026-05-04 00:18:57][error] Check Sum 0x4D93 != 0x530E
[ydlidar_ros2_driver_node-1] [0m[0;31m[2026-05-04 00:18:57][error] Check Sum 0x2612 != 0x0CCE
[ydlidar_ros2_driver_node-1] [0m[0;33m[2026-05-04 00:18:57][warn] [YDLIDAR]: Real point count 840 > fixed point count 720
[ydlidar_ros2_driver_node-1] [0m[0;31m[2026-05-04 00:18:57][error] Check Sum 0xB177 != 0xA3B7
[ydlidar_ros2_driver_node-1] [0m[0;31m[2026-05-04 00:18:57][error] Check Sum 0x8E48 != 0xE364
[ydlidar_ros2_driver_node-1] [0m[0;31m[2026-05-04 00:18:57][error] Check Sum 0x2E56 != 0x0B8E
[ydlidar_ros2_driver_node-1] [0m[0;31m[2026-05-04 00:18:57][error] Check Sum 0x3B20 != 0x03AC
[ydlidar_ros2_driver_node-1] [0m[0;31m[2026-05-04 00:18:57][error] Check Sum 0x8AE6 != 0x8CE7
[ydlidar_ros2_driver_node-1] [0m[0;31m[2026-05-04 00:18:57][error] Check Sum 0x4DFE != 0x563E
[ydlidar_ros2_driver_node-1] [0m[0;31m[2026-05-04 00:18:57][error] Check Sum 0x6EC2 != 0x5156
[ydlidar_ros2_driver_node-1] [0m[0;31m[2026-05-04 00:18:57][error] Check Sum 0x5DA6 != 0x0D5E
[ydlidar_ros2_driver_node-1] [0m[0;31m[2026-05-04 00:18:57][error] Check Sum 0x40DC != 0x4584
[ydlidar_ros2_driver_node-1] [0m[0;31m[2026-05-04 00:18:57][error] Check Sum 0xEF28 != 0x8620
[ydlidar_ros2_driver_node-1] [0m[0;31m[2026-05-04 00:18:57][error] Check Sum 0x5D5E != 0x605B
[ydlidar_ros2_driver_node-1] [0m[0;31m[2026-05-04 00:18:58][error] Check Sum 0x478E != 0x5A0E
[ydlidar_ros2_driver_node-1] [0m[0;31m[2026-05-04 00:18:58][error] Check Sum 0x6980 != 0x4BCC
[ydlidar_ros2_driver_node-1] [0m[0;31m[2026-05-04 00:18:58][error] Check Sum 0x4318 != 0x45F8
[ydlidar_ros2_driver_node-1] [0m[0;31m[2026-05-04 00:18:58][error] Check Sum 0x7AD6 != 0x74FE
[ydlidar_ros2_driver_node-1] [0m[0;31m[2026-05-04 00:18:58][error] Check Sum 0x2F3E != 0x5DD2
[ydlidar_ros2_driver_node-1] [0m[0;31m[2026-05-04 00:18:58][error] Check Sum 0x7D0C != 0x0F34
[ydlidar_ros2_driver_node-1] [0m[0;31m[2026-05-04 00:18:58][error] Check Sum 0x5A72 != 0x7EB2
[ydlidar_ros2_driver_node-1] [0m[0;31m[2026-05-04 00:18:58][error] Check Sum 0x6034 != 0x42E0
[ydlidar_ros2_driver_node-1] [0m[0;31m[2026-05-04 00:18:58][error] Check Sum 0x0A05 != 0x096D
[ydlidar_ros2_driver_node-1] [0m[0;31m[2026-05-04 00:18:58][error] Check Sum 0x47F0 != 0x6024
[ydlidar_ros2_driver_node-1] [0m[0;31m[2026-05-04 00:18:58][error] Check Sum 0x3D3E != 0x6722
[ydlidar_ros2_driver_node-1] [0m[0;31m[2026-05-04 00:18:58][error] Check Sum 0x0DDA != 0x19E2
[ydlidar_ros2_driver_node-1] [0m[0;31m[2026-05-04 00:18:58][error] Check Sum 0x4646 != 0x3DFA
[ydlidar_ros2_driver_node-1] [0m[0;31m[2026-05-04 00:18:58][error] Check Sum 0x6CEA != 0x6026
[ydlidar_ros2_driver_node-1] [0m[0;31m[2026-05-04 00:18:58][error] Check Sum 0x8E8A != 0x89BA
[ydlidar_ros2_driver_node-1] [0m[0;31m[2026-05-04 00:18:58][error] Check Sum 0x6EE4 != 0x4F68
[ydlidar_ros2_driver_node-1] [0m[0;31m[2026-05-04 00:18:58][error] Check Sum 0x55FA != 0x6D2E
[ydlidar_ros2_driver_node-1] [0m[0;31m[2026-05-04 00:18:59][error] Check Sum 0x9BEE != 0x85C6
[ydlidar_ros2_driver_node-1] [0m[0;31m[2026-05-04 00:18:59][error] Check Sum 0x0D3E != 0x312A
[ydlidar_ros2_driver_node-1] [0m[0;31m[2026-05-04 00:18:59][error] Check Sum 0x3376 != 0x193E
[ydlidar_ros2_driver_node-1] [0m[0;31m[2026-05-04 00:18:59][error] Check Sum 0x39D4 != 0x22C4
[ydlidar_ros2_driver_node-1] [0m[0;31m[2026-05-04 00:18:59][error] Check Sum 0x104E != 0x586A
[ydlidar_ros2_driver_node-1] [0m[0;31m[2026-05-04 00:18:59][error] Check Sum 0x7B0A != 0x2646
[ydlidar_ros2_driver_node-1] [0m[0;31m[2026-05-04 00:18:59][error] Check Sum 0x18D2 != 0x1012
[ydlidar_ros2_driver_node-1] [0m[0;31m[2026-05-04 00:18:59][error] Check Sum 0x6EE0 != 0x7178
[ydlidar_ros2_driver_node-1] [0m[0;31m[2026-05-04 00:18:59][error] Check Sum 0x4678 != 0x04F9
[ydlidar_ros2_driver_node-1] [0m[0;31m[2026-05-04 00:18:59][error] Check Sum 0xDD4E != 0xAD86
[ydlidar_ros2_driver_node-1] [0m[0;31m[2026-05-04 00:18:59][error] Check Sum 0x5DFE != 0x627A
[ydlidar_ros2_driver_node-1] [0m[0;31m[2026-05-04 00:18:59][error] Check Sum 0x8E98 != 0x8E9C
[ydlidar_ros2_driver_node-1] [0m[0;31m[2026-05-04 00:18:59][error] Check Sum 0x0DFE != 0x1832
[ydlidar_ros2_driver_node-1] [0m[0;31m[2026-05-04 00:18:59][error] Check Sum 0x5242 != 0x6C96
[ydlidar_ros2_driver_node-1] [0m[0;31m[2026-05-04 00:18:59][error] Check Sum 0xCC02 != 0x9BE2
[ydlidar_ros2_driver_node-1] [0m[0;31m[2026-05-04 00:19:00][error] Check Sum 0x4400 != 0x17B8
[ydlidar_ros2_driver_node-1] [0m[0;31m[2026-05-04 00:19:00][error] Check Sum 0x2FAC != 0x2740
[ydlidar_ros2_driver_node-1] [0m[0;31m[2026-05-04 00:19:00][error] Check Sum 0x01FC != 0x2288
[ydlidar_ros2_driver_node-1] [0m[0;33m[2026-05-04 00:19:00][warn] [YDLIDAR]: Real point count 746 > fixed point count 720
[ydlidar_ros2_driver_node-1] [0m[0;31m[2026-05-04 00:19:00][error] Check Sum 0x5426 != 0x3ECA
[ydlidar_ros2_driver_node-1] [0m[0;31m[2026-05-04 00:19:00][error] Check Sum 0x5B72 != 0x28F6
[ydlidar_ros2_driver_node-1] [0m[0;31m[2026-05-04 00:19:00][error] Check Sum 0x8EEE != 0x8B3E
[ydlidar_ros2_driver_node-1] [0m[0;31m[2026-05-04 00:19:00][error] Check Sum 0x4FEA != 0x5A6A
[ydlidar_ros2_driver_node-1] [0m[0;31m[2026-05-04 00:19:00][error] Check Sum 0x5A9C != 0x3EDC
[ydlidar_ros2_driver_node-1] [0m[0;31m[2026-05-04 00:19:00][error] Check Sum 0x42BA != 0x628A
[ydlidar_ros2_driver_node-1] [0m[0;31m[2026-05-04 00:19:00][error] Check Sum 0x6E82 != 0x365E
[ydlidar_ros2_driver_node-1] [0m[0;31m[2026-05-04 00:19:00][error] Check Sum 0x18FA != 0x0A36
[ydlidar_ros2_driver_node-1] [0m[0;31m[2026-05-04 00:19:00][error] Check Sum 0x4CB6 != 0x724E
[ydlidar_ros2_driver_node-1] [0m[0;31m[2026-05-04 00:19:00][error] Check Sum 0x4EE0 != 0x58F4
[ydlidar_ros2_driver_node-1] [0m[0;31m[2026-05-04 00:19:00][error] Check Sum 0xDA80 != 0x0B60
[ydlidar_ros2_driver_node-1] [0m[0;31m[2026-05-04 00:19:01][error] Check Sum 0x05F4 != 0x6478
[ydlidar_ros2_driver_node-1] [0m[0;31m[2026-05-04 00:19:01][error] Check Sum 0xF9D8 != 0x14C0
[ydlidar_ros2_driver_node-1] [0m[0;31m[2026-05-04 00:19:01][error] Check Sum 0x0D1E != 0x2512
[ydlidar_ros2_driver_node-1] [0m[0;31m[2026-05-04 00:19:01][error] Check Sum 0x3214 != 0x1A8D
[ydlidar_ros2_driver_node-1] [0m[0;31m[2026-05-04 00:19:01][error] Check Sum 0x5A8A != 0x4C62
[ydlidar_ros2_driver_node-1] [0m[0;31m[2026-05-04 00:19:01][error] Check Sum 0x8A9A != 0xB0DE
[ydlidar_ros2_driver_node-1] [0m[0;31m[2026-05-04 00:19:01][error] Check Sum 0x62C8 != 0x1E30
[ydlidar_ros2_driver_node-1] [0m[0;31m[2026-05-04 00:19:01][error] Check Sum 0x3948 != 0x094C
